gear_ratio,vehicle_speed_kmh,road_grade_deg,motor_rpm,motor_torque_nm,wheel_torque_nm,tractive_force_n,rolling_resistance_n,aerodynamic_drag_n,grade_resistance_n,acceleration_mps2,theoretical_vehicle_speed_kmh
3.0,20,0,2000,450.0,1282.5,4007.8125,211.896,11.6451,0.0,2.102373,80.4248
3.0,20,0,4000,427.5,1218.375,3807.4219,211.896,11.6451,0.0,1.991045,160.8495
3.0,20,0,6000,382.5,1090.125,3406.6406,211.896,11.6451,0.0,1.768389,241.2743
3.0,20,0,8000,337.5,961.875,3005.8594,211.896,11.6451,0.0,1.545732,321.6991
3.0,20,2,2000,450.0,1282.5,4007.8125,211.896,11.6451,616.2553,1.760009,80.4248
3.0,20,2,4000,427.5,1218.375,3807.4219,211.896,11.6451,616.2553,1.648681,160.8495
3.0,20,2,6000,382.5,1090.125,3406.6406,211.896,11.6451,616.2553,1.426025,241.2743
3.0,20,2,8000,337.5,961.875,3005.8594,211.896,11.6451,616.2553,1.203368,321.6991
3.0,20,5,2000,450.0,1282.5,4007.8125,211.896,11.6451,1538.9961,1.247375,80.4248
3.0,20,5,4000,427.5,1218.375,3807.4219,211.896,11.6451,1538.9961,1.136047,160.8495
3.0,20,5,6000,382.5,1090.125,3406.6406,211.896,11.6451,1538.9961,0.913391,241.2743
3.0,20,5,8000,337.5,961.875,3005.8594,211.896,11.6451,1538.9961,0.690735,321.6991
3.0,20,8,2000,450.0,1282.5,4007.8125,211.896,11.6451,2457.5186,0.737085,80.4248
3.0,20,8,4000,427.5,1218.375,3807.4219,211.896,11.6451,2457.5186,0.625757,160.8495
3.0,20,8,6000,382.5,1090.125,3406.6406,211.896,11.6451,2457.5186,0.403101,241.2743
3.0,20,8,8000,337.5,961.875,3005.8594,211.896,11.6451,2457.5186,0.180444,321.6991
3.0,20,10,2000,450.0,1282.5,4007.8125,211.896,11.6451,3066.2795,0.398884,80.4248
3.0,20,10,4000,427.5,1218.375,3807.4219,211.896,11.6451,3066.2795,0.287556,160.8495
3.0,20,10,6000,382.5,1090.125,3406.6406,211.896,11.6451,3066.2795,0.0649,241.2743
3.0,20,10,8000,337.5,961.875,3005.8594,211.896,11.6451,3066.2795,-0.157756,321.6991
3.0,40,0,2000,450.0,1282.5,4007.8125,211.896,46.5802,0.0,2.082965,80.4248
3.0,40,0,4000,427.5,1218.375,3807.4219,211.896,46.5802,0.0,1.971636,160.8495
3.0,40,0,6000,382.5,1090.125,3406.6406,211.896,46.5802,0.0,1.74898,241.2743
3.0,40,0,8000,337.5,961.875,3005.8594,211.896,46.5802,0.0,1.526324,321.6991
3.0,40,2,2000,450.0,1282.5,4007.8125,211.896,46.5802,616.2553,1.740601,80.4248
3.0,40,2,4000,427.5,1218.375,3807.4219,211.896,46.5802,616.2553,1.629272,160.8495
3.0,40,2,6000,382.5,1090.125,3406.6406,211.896,46.5802,616.2553,1.406616,241.2743
3.0,40,2,8000,337.5,961.875,3005.8594,211.896,46.5802,616.2553,1.18396,321.6991
3.0,40,5,2000,450.0,1282.5,4007.8125,211.896,46.5802,1538.9961,1.227967,80.4248
3.0,40,5,4000,427.5,1218.375,3807.4219,211.896,46.5802,1538.9961,1.116639,160.8495
3.0,40,5,6000,382.5,1090.125,3406.6406,211.896,46.5802,1538.9961,0.893982,241.2743
3.0,40,5,8000,337.5,961.875,3005.8594,211.896,46.5802,1538.9961,0.671326,321.6991
3.0,40,8,2000,450.0,1282.5,4007.8125,211.896,46.5802,2457.5186,0.717676,80.4248
3.0,40,8,4000,427.5,1218.375,3807.4219,211.896,46.5802,2457.5186,0.606348,160.8495
3.0,40,8,6000,382.5,1090.125,3406.6406,211.896,46.5802,2457.5186,0.383692,241.2743
3.0,40,8,8000,337.5,961.875,3005.8594,211.896,46.5802,2457.5186,0.161036,321.6991
3.0,40,10,2000,450.0,1282.5,4007.8125,211.896,46.5802,3066.2795,0.379476,80.4248
3.0,40,10,4000,427.5,1218.375,3807.4219,211.896,46.5802,3066.2795,0.268148,160.8495
3.0,40,10,6000,382.5,1090.125,3406.6406,211.896,46.5802,3066.2795,0.045492,241.2743
3.0,40,10,8000,337.5,961.875,3005.8594,211.896,46.5802,3066.2795,-0.177165,321.6991
3.0,60,0,2000,450.0,1282.5,4007.8125,211.896,104.8056,0.0,2.050617,80.4248
3.0,60,0,4000,427.5,1218.375,3807.4219,211.896,104.8056,0.0,1.939289,160.8495
3.0,60,0,6000,382.5,1090.125,3406.6406,211.896,104.8056,0.0,1.716633,241.2743
3.0,60,0,8000,337.5,961.875,3005.8594,211.896,104.8056,0.0,1.493977,321.6991
3.0,60,2,2000,450.0,1282.5,4007.8125,211.896,104.8056,616.2553,1.708253,80.4248
3.0,60,2,4000,427.5,1218.375,3807.4219,211.896,104.8056,616.2553,1.596925,160.8495
3.0,60,2,6000,382.5,1090.125,3406.6406,211.896,104.8056,616.2553,1.374269,241.2743
3.0,60,2,8000,337.5,961.875,3005.8594,211.896,104.8056,616.2553,1.151613,321.6991
3.0,60,5,2000,450.0,1282.5,4007.8125,211.896,104.8056,1538.9961,1.195619,80.4248
3.0,60,5,4000,427.5,1218.375,3807.4219,211.896,104.8056,1538.9961,1.084291,160.8495
3.0,60,5,6000,382.5,1090.125,3406.6406,211.896,104.8056,1538.9961,0.861635,241.2743
3.0,60,5,8000,337.5,961.875,3005.8594,211.896,104.8056,1538.9961,0.638979,321.6991
3.0,60,8,2000,450.0,1282.5,4007.8125,211.896,104.8056,2457.5186,0.685329,80.4248
3.0,60,8,4000,427.5,1218.375,3807.4219,211.896,104.8056,2457.5186,0.574001,160.8495
3.0,60,8,6000,382.5,1090.125,3406.6406,211.896,104.8056,2457.5186,0.351345,241.2743
3.0,60,8,8000,337.5,961.875,3005.8594,211.896,104.8056,2457.5186,0.128688,321.6991
3.0,60,10,2000,450.0,1282.5,4007.8125,211.896,104.8056,3066.2795,0.347129,80.4248
3.0,60,10,4000,427.5,1218.375,3807.4219,211.896,104.8056,3066.2795,0.2358,160.8495
3.0,60,10,6000,382.5,1090.125,3406.6406,211.896,104.8056,3066.2795,0.013144,241.2743
3.0,60,10,8000,337.5,961.875,3005.8594,211.896,104.8056,3066.2795,-0.209512,321.6991
3.0,80,0,2000,450.0,1282.5,4007.8125,211.896,186.321,0.0,2.005331,80.4248
3.0,80,0,4000,427.5,1218.375,3807.4219,211.896,186.321,0.0,1.894003,160.8495
3.0,80,0,6000,382.5,1090.125,3406.6406,211.896,186.321,0.0,1.671346,241.2743
3.0,80,0,8000,337.5,961.875,3005.8594,211.896,186.321,0.0,1.44869,321.6991
3.0,80,2,2000,450.0,1282.5,4007.8125,211.896,186.321,616.2553,1.662967,80.4248
3.0,80,2,4000,427.5,1218.375,3807.4219,211.896,186.321,616.2553,1.551639,160.8495
3.0,80,2,6000,382.5,1090.125,3406.6406,211.896,186.321,616.2553,1.328982,241.2743
3.0,80,2,8000,337.5,961.875,3005.8594,211.896,186.321,616.2553,1.106326,321.6991
3.0,80,5,2000,450.0,1282.5,4007.8125,211.896,186.321,1538.9961,1.150333,80.4248
3.0,80,5,4000,427.5,1218.375,3807.4219,211.896,186.321,1538.9961,1.039005,160.8495
3.0,80,5,6000,382.5,1090.125,3406.6406,211.896,186.321,1538.9961,0.816349,241.2743
3.0,80,5,8000,337.5,961.875,3005.8594,211.896,186.321,1538.9961,0.593692,321.6991
3.0,80,8,2000,450.0,1282.5,4007.8125,211.896,186.321,2457.5186,0.640043,80.4248
3.0,80,8,4000,427.5,1218.375,3807.4219,211.896,186.321,2457.5186,0.528715,160.8495
3.0,80,8,6000,382.5,1090.125,3406.6406,211.896,186.321,2457.5186,0.306058,241.2743
3.0,80,8,8000,337.5,961.875,3005.8594,211.896,186.321,2457.5186,0.083402,321.6991
3.0,80,10,2000,450.0,1282.5,4007.8125,211.896,186.321,3066.2795,0.301842,80.4248
3.0,80,10,4000,427.5,1218.375,3807.4219,211.896,186.321,3066.2795,0.190514,160.8495
3.0,80,10,6000,382.5,1090.125,3406.6406,211.896,186.321,3066.2795,-0.032142,241.2743
3.0,80,10,8000,337.5,961.875,3005.8594,211.896,186.321,3066.2795,-0.254798,321.6991
3.0,100,0,2000,450.0,1282.5,4007.8125,211.896,291.1265,0.0,1.947106,80.4248
3.0,100,0,4000,427.5,1218.375,3807.4219,211.896,291.1265,0.0,1.835777,160.8495
3.0,100,0,6000,382.5,1090.125,3406.6406,211.896,291.1265,0.0,1.613121,241.2743
3.0,100,0,8000,337.5,961.875,3005.8594,211.896,291.1265,0.0,1.390465,321.6991
3.0,100,2,2000,450.0,1282.5,4007.8125,211.896,291.1265,616.2553,1.604741,80.4248
3.0,100,2,4000,427.5,1218.375,3807.4219,211.896,291.1265,616.2553,1.493413,160.8495
3.0,100,2,6000,382.5,1090.125,3406.6406,211.896,291.1265,616.2553,1.270757,241.2743
3.0,100,2,8000,337.5,961.875,3005.8594,211.896,291.1265,616.2553,1.048101,321.6991
3.0,100,5,2000,450.0,1282.5,4007.8125,211.896,291.1265,1538.9961,1.092108,80.4248
3.0,100,5,4000,427.5,1218.375,3807.4219,211.896,291.1265,1538.9961,0.98078,160.8495
3.0,100,5,6000,382.5,1090.125,3406.6406,211.896,291.1265,1538.9961,0.758123,241.2743
3.0,100,5,8000,337.5,961.875,3005.8594,211.896,291.1265,1538.9961,0.535467,321.6991
3.0,100,8,2000,450.0,1282.5,4007.8125,211.896,291.1265,2457.5186,0.581817,80.4248
3.0,100,8,4000,427.5,1218.375,3807.4219,211.896,291.1265,2457.5186,0.470489,160.8495
3.0,100,8,6000,382.5,1090.125,3406.6406,211.896,291.1265,2457.5186,0.247833,241.2743
3.0,100,8,8000,337.5,961.875,3005.8594,211.896,291.1265,2457.5186,0.025177,321.6991
3.0,100,10,2000,450.0,1282.5,4007.8125,211.896,291.1265,3066.2795,0.243617,80.4248
3.0,100,10,4000,427.5,1218.375,3807.4219,211.896,291.1265,3066.2795,0.132289,160.8495
3.0,100,10,6000,382.5,1090.125,3406.6406,211.896,291.1265,3066.2795,-0.090367,241.2743
3.0,100,10,8000,337.5,961.875,3005.8594,211.896,291.1265,3066.2795,-0.313024,321.6991
3.25,20,0,2000,450.0,1389.375,4341.7969,211.896,11.6451,0.0,2.28792,74.2383
3.25,20,0,4000,427.5,1319.9062,4124.707,211.896,11.6451,0.0,2.167314,148.4765
3.25,20,0,6000,382.5,1180.9688,3690.5273,211.896,11.6451,0.0,1.926103,222.7148
3.25,20,0,8000,337.5,1042.0312,3256.3477,211.896,11.6451,0.0,1.684893,296.953
3.25,20,2,2000,450.0,1389.375,4341.7969,211.896,11.6451,616.2553,1.945556,74.2383
3.25,20,2,4000,427.5,1319.9062,4124.707,211.896,11.6451,616.2553,1.82495,148.4765
3.25,20,2,6000,382.5,1180.9688,3690.5273,211.896,11.6451,616.2553,1.583739,222.7148
3.25,20,2,8000,337.5,1042.0312,3256.3477,211.896,11.6451,616.2553,1.342528,296.953
3.25,20,5,2000,450.0,1389.375,4341.7969,211.896,11.6451,1538.9961,1.432922,74.2383
3.25,20,5,4000,427.5,1319.9062,4124.707,211.896,11.6451,1538.9961,1.312317,148.4765
3.25,20,5,6000,382.5,1180.9688,3690.5273,211.896,11.6451,1538.9961,1.071106,222.7148
3.25,20,5,8000,337.5,1042.0312,3256.3477,211.896,11.6451,1538.9961,0.829895,296.953
3.25,20,8,2000,450.0,1389.375,4341.7969,211.896,11.6451,2457.5186,0.922632,74.2383
3.25,20,8,4000,427.5,1319.9062,4124.707,211.896,11.6451,2457.5186,0.802026,148.4765
3.25,20,8,6000,382.5,1180.9688,3690.5273,211.896,11.6451,2457.5186,0.560815,222.7148
3.25,20,8,8000,337.5,1042.0312,3256.3477,211.896,11.6451,2457.5186,0.319604,296.953
3.25,20,10,2000,450.0,1389.375,4341.7969,211.896,11.6451,3066.2795,0.584431,74.2383
3.25,20,10,4000,427.5,1319.9062,4124.707,211.896,11.6451,3066.2795,0.463826,148.4765
3.25,20,10,6000,382.5,1180.9688,3690.5273,211.896,11.6451,3066.2795,0.222615,222.7148
3.25,20,10,8000,337.5,1042.0312,3256.3477,211.896,11.6451,3066.2795,-0.018596,296.953
3.25,40,0,2000,450.0,1389.375,4341.7969,211.896,46.5802,0.0,2.268511,74.2383
3.25,40,0,4000,427.5,1319.9062,4124.707,211.896,46.5802,0.0,2.147906,148.4765
3.25,40,0,6000,382.5,1180.9688,3690.5273,211.896,46.5802,0.0,1.906695,222.7148
3.25,40,0,8000,337.5,1042.0312,3256.3477,211.896,46.5802,0.0,1.665484,296.953
3.25,40,2,2000,450.0,1389.375,4341.7969,211.896,46.5802,616.2553,1.926147,74.2383
3.25,40,2,4000,427.5,1319.9062,4124.707,211.896,46.5802,616.2553,1.805542,148.4765
3.25,40,2,6000,382.5,1180.9688,3690.5273,211.896,46.5802,616.2553,1.564331,222.7148
3.25,40,2,8000,337.5,1042.0312,3256.3477,211.896,46.5802,616.2553,1.32312,296.953
3.25,40,5,2000,450.0,1389.375,4341.7969,211.896,46.5802,1538.9961,1.413514,74.2383
3.25,40,5,4000,427.5,1319.9062,4124.707,211.896,46.5802,1538.9961,1.292908,148.4765
3.25,40,5,6000,382.5,1180.9688,3690.5273,211.896,46.5802,1538.9961,1.051697,222.7148
3.25,40,5,8000,337.5,1042.0312,3256.3477,211.896,46.5802,1538.9961,0.810486,296.953
3.25,40,8,2000,450.0,1389.375,4341.7969,211.896,46.5802,2457.5186,0.903223,74.2383
3.25,40,8,4000,427.5,1319.9062,4124.707,211.896,46.5802,2457.5186,0.782618,148.4765
3.25,40,8,6000,382.5,1180.9688,3690.5273,211.896,46.5802,2457.5186,0.541407,222.7148
3.25,40,8,8000,337.5,1042.0312,3256.3477,211.896,46.5802,2457.5186,0.300196,296.953
3.25,40,10,2000,450.0,1389.375,4341.7969,211.896,46.5802,3066.2795,0.565023,74.2383
3.25,40,10,4000,427.5,1319.9062,4124.707,211.896,46.5802,3066.2795,0.444417,148.4765
3.25,40,10,6000,382.5,1180.9688,3690.5273,211.896,46.5802,3066.2795,0.203206,222.7148
3.25,40,10,8000,337.5,1042.0312,3256.3477,211.896,46.5802,3066.2795,-0.038005,296.953
3.25,60,0,2000,450.0,1389.375,4341.7969,211.896,104.8056,0.0,2.236164,74.2383
3.25,60,0,4000,427.5,1319.9062,4124.707,211.896,104.8056,0.0,2.115559,148.4765
3.25,60,0,6000,382.5,1180.9688,3690.5273,211.896,104.8056,0.0,1.874348,222.7148
3.25,60,0,8000,337.5,1042.0312,3256.3477,211.896,104.8056,0.0,1.633137,296.953
3.25,60,2,2000,450.0,1389.375,4341.7969,211.896,104.8056,616.2553,1.8938,74.2383
3.25,60,2,4000,427.5,1319.9062,4124.707,211.896,104.8056,616.2553,1.773195,148.4765
3.25,60,2,6000,382.5,1180.9688,3690.5273,211.896,104.8056,616.2553,1.531984,222.7148
3.25,60,2,8000,337.5,1042.0312,3256.3477,211.896,104.8056,616.2553,1.290773,296.953
3.25,60,5,2000,450.0,1389.375,4341.7969,211.896,104.8056,1538.9961,1.381166,74.2383
3.25,60,5,4000,427.5,1319.9062,4124.707,211.896,104.8056,1538.9961,1.260561,148.4765
3.25,60,5,6000,382.5,1180.9688,3690.5273,211.896,104.8056,1538.9961,1.01935,222.7148
3.25,60,5,8000,337.5,1042.0312,3256.3477,211.896,104.8056,1538.9961,0.778139,296.953
3.25,60,8,2000,450.0,1389.375,4341.7969,211.896,104.8056,2457.5186,0.870876,74.2383
3.25,60,8,4000,427.5,1319.9062,4124.707,211.896,104.8056,2457.5186,0.75027,148.4765
3.25,60,8,6000,382.5,1180.9688,3690.5273,211.896,104.8056,2457.5186,0.50906,222.7148
3.25,60,8,8000,337.5,1042.0312,3256.3477,211.896,104.8056,2457.5186,0.267849,296.953
3.25,60,10,2000,450.0,1389.375,4341.7969,211.896,104.8056,3066.2795,0.532675,74.2383
3.25,60,10,4000,427.5,1319.9062,4124.707,211.896,104.8056,3066.2795,0.41207,148.4765
3.25,60,10,6000,382.5,1180.9688,3690.5273,211.896,104.8056,3066.2795,0.170859,222.7148
3.25,60,10,8000,337.5,1042.0312,3256.3477,211.896,104.8056,3066.2795,-0.070352,296.953
3.25,80,0,2000,450.0,1389.375,4341.7969,211.896,186.321,0.0,2.190878,74.2383
3.25,80,0,4000,427.5,1319.9062,4124.707,211.896,186.321,0.0,2.070272,148.4765
3.25,80,0,6000,382.5,1180.9688,3690.5273,211.896,186.321,0.0,1.829061,222.7148
3.25,80,0,8000,337.5,1042.0312,3256.3477,211.896,186.321,0.0,1.58785,296.953
3.25,80,2,2000,450.0,1389.375,4341.7969,211.896,186.321,616.2553,1.848514,74.2383
3.25,80,2,4000,427.5,1319.9062,4124.707,211.896,186.321,616.2553,1.727908,148.4765
3.25,80,2,6000,382.5,1180.9688,3690.5273,211.896,186.321,616.2553,1.486697,222.7148
3.25,80,2,8000,337.5,1042.0312,3256.3477,211.896,186.321,616.2553,1.245486,296.953
3.25,80,5,2000,450.0,1389.375,4341.7969,211.896,186.321,1538.9961,1.33588,74.2383
3.25,80,5,4000,427.5,1319.9062,4124.707,211.896,186.321,1538.9961,1.215274,148.4765
3.25,80,5,6000,382.5,1180.9688,3690.5273,211.896,186.321,1538.9961,0.974063,222.7148
3.25,80,5,8000,337.5,1042.0312,3256.3477,211.896,186.321,1538.9961,0.732853,296.953
3.25,80,8,2000,450.0,1389.375,4341.7969,211.896,186.321,2457.5186,0.82559,74.2383
3.25,80,8,4000,427.5,1319.9062,4124.707,211.896,186.321,2457.5186,0.704984,148.4765
3.25,80,8,6000,382.5,1180.9688,3690.5273,211.896,186.321,2457.5186,0.463773,222.7148
3.25,80,8,8000,337.5,1042.0312,3256.3477,211.896,186.321,2457.5186,0.222562,296.953
3.25,80,10,2000,450.0,1389.375,4341.7969,211.896,186.321,3066.2795,0.487389,74.2383
3.25,80,10,4000,427.5,1319.9062,4124.707,211.896,186.321,3066.2795,0.366784,148.4765
3.25,80,10,6000,382.5,1180.9688,3690.5273,211.896,186.321,3066.2795,0.125573,222.7148
3.25,80,10,8000,337.5,1042.0312,3256.3477,211.896,186.321,3066.2795,-0.115638,296.953
3.25,100,0,2000,450.0,1389.375,4341.7969,211.896,291.1265,0.0,2.132652,74.2383
3.25,100,0,4000,427.5,1319.9062,4124.707,211.896,291.1265,0.0,2.012047,148.4765
3.25,100,0,6000,382.5,1180.9688,3690.5273,211.896,291.1265,0.0,1.770836,222.7148
3.25,100,0,8000,337.5,1042.0312,3256.3477,211.896,291.1265,0.0,1.529625,296.953
3.25,100,2,2000,450.0,1389.375,4341.7969,211.896,291.1265,616.2553,1.790288,74.2383
3.25,100,2,4000,427.5,1319.9062,4124.707,211.896,291.1265,616.2553,1.669683,148.4765
3.25,100,2,6000,382.5,1180.9688,3690.5273,211.896,291.1265,616.2553,1.428472,222.7148
3.25,100,2,8000,337.5,1042.0312,3256.3477,211.896,291.1265,616.2553,1.187261,296.953
3.25,100,5,2000,450.0,1389.375,4341.7969,211.896,291.1265,1538.9961,1.277655,74.2383
3.25,100,5,4000,427.5,1319.9062,4124.707,211.896,291.1265,1538.9961,1.157049,148.4765
3.25,100,5,6000,382.5,1180.9688,3690.5273,211.896,291.1265,1538.9961,0.915838,222.7148
3.25,100,5,8000,337.5,1042.0312,3256.3477,211.896,291.1265,1538.9961,0.674627,296.953
3.25,100,8,2000,450.0,1389.375,4341.7969,211.896,291.1265,2457.5186,0.767364,74.2383
3.25,100,8,4000,427.5,1319.9062,4124.707,211.896,291.1265,2457.5186,0.646759,148.4765
3.25,100,8,6000,382.5,1180.9688,3690.5273,211.896,291.1265,2457.5186,0.405548,222.7148
3.25,100,8,8000,337.5,1042.0312,3256.3477,211.896,291.1265,2457.5186,0.164337,296.953
3.25,100,10,2000,450.0,1389.375,4341.7969,211.896,291.1265,3066.2795,0.429164,74.2383
3.25,100,10,4000,427.5,1319.9062,4124.707,211.896,291.1265,3066.2795,0.308558,148.4765
3.25,100,10,6000,382.5,1180.9688,3690.5273,211.896,291.1265,3066.2795,0.067347,222.7148
3.25,100,10,8000,337.5,1042.0312,3256.3477,211.896,291.1265,3066.2795,-0.173864,296.953
3.5,20,0,2000,450.0,1496.25,4675.7812,211.896,11.6451,0.0,2.473467,68.9355
3.5,20,0,4000,427.5,1421.4375,4441.9922,211.896,11.6451,0.0,2.343584,137.871
3.5,20,0,6000,382.5,1271.8125,3974.4141,211.896,11.6451,0.0,2.083818,206.8066
3.5,20,0,8000,337.5,1122.1875,3506.8359,211.896,11.6451,0.0,1.824053,275.7421
3.5,20,2,2000,450.0,1496.25,4675.7812,211.896,11.6451,616.2553,2.131103,68.9355
3.5,20,2,4000,427.5,1421.4375,4441.9922,211.896,11.6451,616.2553,2.00122,137.871
3.5,20,2,6000,382.5,1271.8125,3974.4141,211.896,11.6451,616.2553,1.741454,206.8066
3.5,20,2,8000,337.5,1122.1875,3506.8359,211.896,11.6451,616.2553,1.481689,275.7421
3.5,20,5,2000,450.0,1496.25,4675.7812,211.896,11.6451,1538.9961,1.618469,68.9355
3.5,20,5,4000,427.5,1421.4375,4441.9922,211.896,11.6451,1538.9961,1.488586,137.871
3.5,20,5,6000,382.5,1271.8125,3974.4141,211.896,11.6451,1538.9961,1.22882,206.8066
3.5,20,5,8000,337.5,1122.1875,3506.8359,211.896,11.6451,1538.9961,0.969055,275.7421
3.5,20,8,2000,450.0,1496.25,4675.7812,211.896,11.6451,2457.5186,1.108179,68.9355
3.5,20,8,4000,427.5,1421.4375,4441.9922,211.896,11.6451,2457.5186,0.978296,137.871
3.5,20,8,6000,382.5,1271.8125,3974.4141,211.896,11.6451,2457.5186,0.71853,206.8066
3.5,20,8,8000,337.5,1122.1875,3506.8359,211.896,11.6451,2457.5186,0.458765,275.7421
3.5,20,10,2000,450.0,1496.25,4675.7812,211.896,11.6451,3066.2795,0.769978,68.9355
3.5,20,10,4000,427.5,1421.4375,4441.9922,211.896,11.6451,3066.2795,0.640095,137.871
3.5,20,10,6000,382.5,1271.8125,3974.4141,211.896,11.6451,3066.2795,0.38033,206.8066
3.5,20,10,8000,337.5,1122.1875,3506.8359,211.896,11.6451,3066.2795,0.120564,275.7421
3.5,40,0,2000,450.0,1496.25,4675.7812,211.896,46.5802,0.0,2.454058,68.9355
3.5,40,0,4000,427.5,1421.4375,4441.9922,211.896,46.5802,0.0,2.324176,137.871
3.5,40,0,6000,382.5,1271.8125,3974.4141,211.896,46.5802,0.0,2.06441,206.8066
3.5,40,0,8000,337.5,1122.1875,3506.8359,211.896,46.5802,0.0,1.804644,275.7421
3.5,40,2,2000,450.0,1496.25,4675.7812,211.896,46.5802,616.2553,2.111694,68.9355
3.5,40,2,4000,427.5,1421.4375,4441.9922,211.896,46.5802,616.2553,1.981811,137.871
3.5,40,2,6000,382.5,1271.8125,3974.4141,211.896,46.5802,616.2553,1.722046,206.8066
3.5,40,2,8000,337.5,1122.1875,3506.8359,211.896,46.5802,616.2553,1.46228,275.7421
3.5,40,5,2000,450.0,1496.25,4675.7812,211.896,46.5802,1538.9961,1.59906,68.9355
3.5,40,5,4000,427.5,1421.4375,4441.9922,211.896,46.5802,1538.9961,1.469178,137.871
3.5,40,5,6000,382.5,1271.8125,3974.4141,211.896,46.5802,1538.9961,1.209412,206.8066
3.5,40,5,8000,337.5,1122.1875,3506.8359,211.896,46.5802,1538.9961,0.949646,275.7421
3.5,40,8,2000,450.0,1496.25,4675.7812,211.896,46.5802,2457.5186,1.08877,68.9355
3.5,40,8,4000,427.5,1421.4375,4441.9922,211.896,46.5802,2457.5186,0.958887,137.871
3.5,40,8,6000,382.5,1271.8125,3974.4141,211.896,46.5802,2457.5186,0.699122,206.8066
3.5,40,8,8000,337.5,1122.1875,3506.8359,211.896,46.5802,2457.5186,0.439356,275.7421
3.5,40,10,2000,450.0,1496.25,4675.7812,211.896,46.5802,3066.2795,0.75057,68.9355
3.5,40,10,4000,427.5,1421.4375,4441.9922,211.896,46.5802,3066.2795,0.620687,137.871
3.5,40,10,6000,382.5,1271.8125,3974.4141,211.896,46.5802,3066.2795,0.360921,206.8066
3.5,40,10,8000,337.5,1122.1875,3506.8359,211.896,46.5802,3066.2795,0.101156,275.7421
3.5,60,0,2000,450.0,1496.25,4675.7812,211.896,104.8056,0.0,2.421711,68.9355
3.5,60,0,4000,427.5,1421.4375,4441.9922,211.896,104.8056,0.0,2.291828,137.871
3.5,60,0,6000,382.5,1271.8125,3974.4141,211.896,104.8056,0.0,2.032063,206.8066
3.5,60,0,8000,337.5,1122.1875,3506.8359,211.896,104.8056,0.0,1.772297,275.7421
3.5,60,2,2000,450.0,1496.25,4675.7812,211.896,104.8056,616.2553,2.079347,68.9355
3.5,60,2,4000,427.5,1421.4375,4441.9922,211.896,104.8056,616.2553,1.949464,137.871
3.5,60,2,6000,382.5,1271.8125,3974.4141,211.896,104.8056,616.2553,1.689698,206.8066
3.5,60,2,8000,337.5,1122.1875,3506.8359,211.896,104.8056,616.2553,1.429933,275.7421
3.5,60,5,2000,450.0,1496.25,4675.7812,211.896,104.8056,1538.9961,1.566713,68.9355
3.5,60,5,4000,427.5,1421.4375,4441.9922,211.896,104.8056,1538.9961,1.43683,137.871
3.5,60,5,6000,382.5,1271.8125,3974.4141,211.896,104.8056,1538.9961,1.177065,206.8066
3.5,60,5,8000,337.5,1122.1875,3506.8359,211.896,104.8056,1538.9961,0.917299,275.7421
3.5,60,8,2000,450.0,1496.25,4675.7812,211.896,104.8056,2457.5186,1.056423,68.9355
3.5,60,8,4000,427.5,1421.4375,4441.9922,211.896,104.8056,2457.5186,0.92654,137.871
3.5,60,8,6000,382.5,1271.8125,3974.4141,211.896,104.8056,2457.5186,0.666774,206.8066
3.5,60,8,8000,337.5,1122.1875,3506.8359,211.896,104.8056,2457.5186,0.407009,275.7421
3.5,60,10,2000,450.0,1496.25,4675.7812,211.896,104.8056,3066.2795,0.718222,68.9355
3.5,60,10,4000,427.5,1421.4375,4441.9922,211.896,104.8056,3066.2795,0.58834,137.871
3.5,60,10,6000,382.5,1271.8125,3974.4141,211.896,104.8056,3066.2795,0.328574,206.8066
3.5,60,10,8000,337.5,1122.1875,3506.8359,211.896,104.8056,3066.2795,0.068808,275.7421
3.5,80,0,2000,450.0,1496.25,4675.7812,211.896,186.321,0.0,2.376425,68.9355
3.5,80,0,4000,427.5,1421.4375,4441.9922,211.896,186.321,0.0,2.246542,137.871
3.5,80,0,6000,382.5,1271.8125,3974.4141,211.896,186.321,0.0,1.986776,206.8066
3.5,80,0,8000,337.5,1122.1875,3506.8359,211.896,186.321,0.0,1.727011,275.7421
3.5,80,2,2000,450.0,1496.25,4675.7812,211.896,186.321,616.2553,2.034061,68.9355
3.5,80,2,4000,427.5,1421.4375,4441.9922,211.896,186.321,616.2553,1.904178,137.871
3.5,80,2,6000,382.5,1271.8125,3974.4141,211.896,186.321,616.2553,1.644412,206.8066
3.5,80,2,8000,337.5,1122.1875,3506.8359,211.896,186.321,616.2553,1.384646,275.7421
3.5,80,5,2000,450.0,1496.25,4675.7812,211.896,186.321,1538.9961,1.521427,68.9355
3.5,80,5,4000,427.5,1421.4375,4441.9922,211.896,186.321,1538.9961,1.391544,137.871
3.5,80,5,6000,382.5,1271.8125,3974.4141,211.896,186.321,1538.9961,1.131778,206.8066
3.5,80,5,8000,337.5,1122.1875,3506.8359,211.896,186.321,1538.9961,0.872013,275.7421
3.5,80,8,2000,450.0,1496.25,4675.7812,211.896,186.321,2457.5186,1.011136,68.9355
3.5,80,8,4000,427.5,1421.4375,4441.9922,211.896,186.321,2457.5186,0.881254,137.871
3.5,80,8,6000,382.5,1271.8125,3974.4141,211.896,186.321,2457.5186,0.621488,206.8066
3.5,80,8,8000,337.5,1122.1875,3506.8359,211.896,186.321,2457.5186,0.361722,275.7421
3.5,80,10,2000,450.0,1496.25,4675.7812,211.896,186.321,3066.2795,0.672936,68.9355
3.5,80,10,4000,427.5,1421.4375,4441.9922,211.896,186.321,3066.2795,0.543053,137.871
3.5,80,10,6000,382.5,1271.8125,3974.4141,211.896,186.321,3066.2795,0.283288,206.8066
3.5,80,10,8000,337.5,1122.1875,3506.8359,211.896,186.321,3066.2795,0.023522,275.7421
3.5,100,0,2000,450.0,1496.25,4675.7812,211.896,291.1265,0.0,2.318199,68.9355
3.5,100,0,4000,427.5,1421.4375,4441.9922,211.896,291.1265,0.0,2.188316,137.871
3.5,100,0,6000,382.5,1271.8125,3974.4141,211.896,291.1265,0.0,1.928551,206.8066
3.5,100,0,8000,337.5,1122.1875,3506.8359,211.896,291.1265,0.0,1.668785,275.7421
3.5,100,2,2000,450.0,1496.25,4675.7812,211.896,291.1265,616.2553,1.975835,68.9355
3.5,100,2,4000,427.5,1421.4375,4441.9922,211.896,291.1265,616.2553,1.845952,137.871
3.5,100,2,6000,382.5,1271.8125,3974.4141,211.896,291.1265,616.2553,1.586187,206.8066
3.5,100,2,8000,337.5,1122.1875,3506.8359,211.896,291.1265,616.2553,1.326421,275.7421
3.5,100,5,2000,450.0,1496.25,4675.7812,211.896,291.1265,1538.9961,1.463201,68.9355
3.5,100,5,4000,427.5,1421.4375,4441.9922,211.896,291.1265,1538.9961,1.333319,137.871
3.5,100,5,6000,382.5,1271.8125,3974.4141,211.896,291.1265,1538.9961,1.073553,206.8066
3.5,100,5,8000,337.5,1122.1875,3506.8359,211.896,291.1265,1538.9961,0.813787,275.7421
3.5,100,8,2000,450.0,1496.25,4675.7812,211.896,291.1265,2457.5186,0.952911,68.9355
3.5,100,8,4000,427.5,1421.4375,4441.9922,211.896,291.1265,2457.5186,0.823028,137.871
3.5,100,8,6000,382.5,1271.8125,3974.4141,211.896,291.1265,2457.5186,0.563263,206.8066
3.5,100,8,8000,337.5,1122.1875,3506.8359,211.896,291.1265,2457.5186,0.303497,275.7421
3.5,100,10,2000,450.0,1496.25,4675.7812,211.896,291.1265,3066.2795,0.614711,68.9355
3.5,100,10,4000,427.5,1421.4375,4441.9922,211.896,291.1265,3066.2795,0.484828,137.871
3.5,100,10,6000,382.5,1271.8125,3974.4141,211.896,291.1265,3066.2795,0.225062,206.8066
3.5,100,10,8000,337.5,1122.1875,3506.8359,211.896,291.1265,3066.2795,-0.034703,275.7421
3.75,20,0,2000,450.0,1603.125,5009.7656,211.896,11.6451,0.0,2.659014,64.3398
3.75,20,0,4000,427.5,1522.9688,4759.2773,211.896,11.6451,0.0,2.519853,128.6796
3.75,20,0,6000,382.5,1362.6562,4258.3008,211.896,11.6451,0.0,2.241533,193.0195
3.75,20,0,8000,337.5,1202.3438,3757.3242,211.896,11.6451,0.0,1.963213,257.3593
3.75,20,2,2000,450.0,1603.125,5009.7656,211.896,11.6451,616.2553,2.31665,64.3398
3.75,20,2,4000,427.5,1522.9688,4759.2773,211.896,11.6451,616.2553,2.177489,128.6796
3.75,20,2,6000,382.5,1362.6562,4258.3008,211.896,11.6451,616.2553,1.899169,193.0195
3.75,20,2,8000,337.5,1202.3438,3757.3242,211.896,11.6451,616.2553,1.620849,257.3593
3.75,20,5,2000,450.0,1603.125,5009.7656,211.896,11.6451,1538.9961,1.804016,64.3398
3.75,20,5,4000,427.5,1522.9688,4759.2773,211.896,11.6451,1538.9961,1.664856,128.6796
3.75,20,5,6000,382.5,1362.6562,4258.3008,211.896,11.6451,1538.9961,1.386535,193.0195
3.75,20,5,8000,337.5,1202.3438,3757.3242,211.896,11.6451,1538.9961,1.108215,257.3593
3.75,20,8,2000,450.0,1603.125,5009.7656,211.896,11.6451,2457.5186,1.293726,64.3398
3.75,20,8,4000,427.5,1522.9688,4759.2773,211.896,11.6451,2457.5186,1.154565,128.6796
3.75,20,8,6000,382.5,1362.6562,4258.3008,211.896,11.6451,2457.5186,0.876245,193.0195
3.75,20,8,8000,337.5,1202.3438,3757.3242,211.896,11.6451,2457.5186,0.597925,257.3593
3.75,20,10,2000,450.0,1603.125,5009.7656,211.896,11.6451,3066.2795,0.955525,64.3398
3.75,20,10,4000,427.5,1522.9688,4759.2773,211.896,11.6451,3066.2795,0.816365,128.6796
3.75,20,10,6000,382.5,1362.6562,4258.3008,211.896,11.6451,3066.2795,0.538045,193.0195
3.75,20,10,8000,337.5,1202.3438,3757.3242,211.896,11.6451,3066.2795,0.259724,257.3593
3.75,40,0,2000,450.0,1603.125,5009.7656,211.896,46.5802,0.0,2.639605,64.3398
3.75,40,0,4000,427.5,1522.9688,4759.2773,211.896,46.5802,0.0,2.500445,128.6796
3.75,40,0,6000,382.5,1362.6562,4258.3008,211.896,46.5802,0.0,2.222125,193.0195
3.75,40,0,8000,337.5,1202.3438,3757.3242,211.896,46.5802,0.0,1.943804,257.3593
3.75,40,2,2000,450.0,1603.125,5009.7656,211.896,46.5802,616.2553,2.297241,64.3398
3.75,40,2,4000,427.5,1522.9688,4759.2773,211.896,46.5802,616.2553,2.158081,128.6796
3.75,40,2,6000,382.5,1362.6562,4258.3008,211.896,46.5802,616.2553,1.879761,193.0195
3.75,40,2,8000,337.5,1202.3438,3757.3242,211.896,46.5802,616.2553,1.60144,257.3593
3.75,40,5,2000,450.0,1603.125,5009.7656,211.896,46.5802,1538.9961,1.784607,64.3398
3.75,40,5,4000,427.5,1522.9688,4759.2773,211.896,46.5802,1538.9961,1.645447,128.6796
3.75,40,5,6000,382.5,1362.6562,4258.3008,211.896,46.5802,1538.9961,1.367127,193.0195
3.75,40,5,8000,337.5,1202.3438,3757.3242,211.896,46.5802,1538.9961,1.088807,257.3593
3.75,40,8,2000,450.0,1603.125,5009.7656,211.896,46.5802,2457.5186,1.274317,64.3398
3.75,40,8,4000,427.5,1522.9688,4759.2773,211.896,46.5802,2457.5186,1.135157,128.6796
3.75,40,8,6000,382.5,1362.6562,4258.3008,211.896,46.5802,2457.5186,0.856837,193.0195
3.75,40,8,8000,337.5,1202.3438,3757.3242,211.896,46.5802,2457.5186,0.578516,257.3593
3.75,40,10,2000,450.0,1603.125,5009.7656,211.896,46.5802,3066.2795,0.936117,64.3398
3.75,40,10,4000,427.5,1522.9688,4759.2773,211.896,46.5802,3066.2795,0.796956,128.6796
3.75,40,10,6000,382.5,1362.6562,4258.3008,211.896,46.5802,3066.2795,0.518636,193.0195
3.75,40,10,8000,337.5,1202.3438,3757.3242,211.896,46.5802,3066.2795,0.240316,257.3593
3.75,60,0,2000,450.0,1603.125,5009.7656,211.896,104.8056,0.0,2.607258,64.3398
3.75,60,0,4000,427.5,1522.9688,4759.2773,211.896,104.8056,0.0,2.468098,128.6796
3.75,60,0,6000,382.5,1362.6562,4258.3008,211.896,104.8056,0.0,2.189777,193.0195
3.75,60,0,8000,337.5,1202.3438,3757.3242,211.896,104.8056,0.0,1.911457,257.3593
3.75,60,2,2000,450.0,1603.125,5009.7656,211.896,104.8056,616.2553,2.264894,64.3398
3.75,60,2,4000,427.5,1522.9688,4759.2773,211.896,104.8056,616.2553,2.125734,128.6796
3.75,60,2,6000,382.5,1362.6562,4258.3008,211.896,104.8056,616.2553,1.847413,193.0195
3.75,60,2,8000,337.5,1202.3438,3757.3242,211.896,104.8056,616.2553,1.569093,257.3593
3.75,60,5,2000,450.0,1603.125,5009.7656,211.896,104.8056,1538.9961,1.75226,64.3398
3.75,60,5,4000,427.5,1522.9688,4759.2773,211.896,104.8056,1538.9961,1.6131,128.6796
3.75,60,5,6000,382.5,1362.6562,4258.3008,211.896,104.8056,1538.9961,1.33478,193.0195
3.75,60,5,8000,337.5,1202.3438,3757.3242,211.896,104.8056,1538.9961,1.056459,257.3593
3.75,60,8,2000,450.0,1603.125,5009.7656,211.896,104.8056,2457.5186,1.24197,64.3398
3.75,60,8,4000,427.5,1522.9688,4759.2773,211.896,104.8056,2457.5186,1.10281,128.6796
3.75,60,8,6000,382.5,1362.6562,4258.3008,211.896,104.8056,2457.5186,0.824489,193.0195
3.75,60,8,8000,337.5,1202.3438,3757.3242,211.896,104.8056,2457.5186,0.546169,257.3593
3.75,60,10,2000,450.0,1603.125,5009.7656,211.896,104.8056,3066.2795,0.903769,64.3398
3.75,60,10,4000,427.5,1522.9688,4759.2773,211.896,104.8056,3066.2795,0.764609,128.6796
3.75,60,10,6000,382.5,1362.6562,4258.3008,211.896,104.8056,3066.2795,0.486289,193.0195
3.75,60,10,8000,337.5,1202.3438,3757.3242,211.896,104.8056,3066.2795,0.207968,257.3593
3.75,80,0,2000,450.0,1603.125,5009.7656,211.896,186.321,0.0,2.561971,64.3398
3.75,80,0,4000,427.5,1522.9688,4759.2773,211.896,186.321,0.0,2.422811,128.6796
3.75,80,0,6000,382.5,1362.6562,4258.3008,211.896,186.321,0.0,2.144491,193.0195
3.75,80,0,8000,337.5,1202.3438,3757.3242,211.896,186.321,0.0,1.866171,257.3593
3.75,80,2,2000,450.0,1603.125,5009.7656,211.896,186.321,616.2553,2.219607,64.3398
3.75,80,2,4000,427.5,1522.9688,4759.2773,211.896,186.321,616.2553,2.080447,128.6796
3.75,80,2,6000,382.5,1362.6562,4258.3008,211.896,186.321,616.2553,1.802127,193.0195
3.75,80,2,8000,337.5,1202.3438,3757.3242,211.896,186.321,616.2553,1.523807,257.3593
3.75,80,5,2000,450.0,1603.125,5009.7656,211.896,186.321,1538.9961,1.706974,64.3398
3.75,80,5,4000,427.5,1522.9688,4759.2773,211.896,186.321,1538.9961,1.567813,128.6796
3.75,80,5,6000,382.5,1362.6562,4258.3008,211.896,186.321,1538.9961,1.289493,193.0195
3.75,80,5,8000,337.5,1202.3438,3757.3242,211.896,186.321,1538.9961,1.011173,257.3593
3.75,80,8,2000,450.0,1603.125,5009.7656,211.896,186.321,2457.5186,1.196683,64.3398
3.75,80,8,4000,427.5,1522.9688,4759.2773,211.896,186.321,2457.5186,1.057523,128.6796
3.75,80,8,6000,382.5,1362.6562,4258.3008,211.896,186.321,2457.5186,0.779203,193.0195
3.75,80,8,8000,337.5,1202.3438,3757.3242,211.896,186.321,2457.5186,0.500883,257.3593
3.75,80,10,2000,450.0,1603.125,5009.7656,211.896,186.321,3066.2795,0.858483,64.3398
3.75,80,10,4000,427.5,1522.9688,4759.2773,211.896,186.321,3066.2795,0.719323,128.6796
3.75,80,10,6000,382.5,1362.6562,4258.3008,211.896,186.321,3066.2795,0.441002,193.0195
3.75,80,10,8000,337.5,1202.3438,3757.3242,211.896,186.321,3066.2795,0.162682,257.3593
3.75,100,0,2000,450.0,1603.125,5009.7656,211.896,291.1265,0.0,2.503746,64.3398
3.75,100,0,4000,427.5,1522.9688,4759.2773,211.896,291.1265,0.0,2.364586,128.6796
3.75,100,0,6000,382.5,1362.6562,4258.3008,211.896,291.1265,0.0,2.086266,193.0195
3.75,100,0,8000,337.5,1202.3438,3757.3242,211.896,291.1265,0.0,1.807945,257.3593
3.75,100,2,2000,450.0,1603.125,5009.7656,211.896,291.1265,616.2553,2.161382,64.3398
3.75,100,2,4000,427.5,1522.9688,4759.2773,211.896,291.1265,616.2553,2.022222,128.6796
3.75,100,2,6000,382.5,1362.6562,4258.3008,211.896,291.1265,616.2553,1.743902,193.0195
3.75,100,2,8000,337.5,1202.3438,3757.3242,211.896,291.1265,616.2553,1.465581,257.3593
3.75,100,5,2000,450.0,1603.125,5009.7656,211.896,291.1265,1538.9961,1.648748,64.3398
3.75,100,5,4000,427.5,1522.9688,4759.2773,211.896,291.1265,1538.9961,1.509588,128.6796
3.75,100,5,6000,382.5,1362.6562,4258.3008,211.896,291.1265,1538.9961,1.231268,193.0195
3.75,100,5,8000,337.5,1202.3438,3757.3242,211.896,291.1265,1538.9961,0.952948,257.3593
3.75,100,8,2000,450.0,1603.125,5009.7656,211.896,291.1265,2457.5186,1.138458,64.3398
3.75,100,8,4000,427.5,1522.9688,4759.2773,211.896,291.1265,2457.5186,0.999298,128.6796
3.75,100,8,6000,382.5,1362.6562,4258.3008,211.896,291.1265,2457.5186,0.720978,193.0195
3.75,100,8,8000,337.5,1202.3438,3757.3242,211.896,291.1265,2457.5186,0.442657,257.3593
3.75,100,10,2000,450.0,1603.125,5009.7656,211.896,291.1265,3066.2795,0.800258,64.3398
3.75,100,10,4000,427.5,1522.9688,4759.2773,211.896,291.1265,3066.2795,0.661097,128.6796
3.75,100,10,6000,382.5,1362.6562,4258.3008,211.896,291.1265,3066.2795,0.382777,193.0195
3.75,100,10,8000,337.5,1202.3438,3757.3242,211.896,291.1265,3066.2795,0.104457,257.3593
4.0,20,0,2000,450.0,1710.0,5343.75,211.896,11.6451,0.0,2.844561,60.3186
4.0,20,0,4000,427.5,1624.5,5076.5625,211.896,11.6451,0.0,2.696123,120.6372
4.0,20,0,6000,382.5,1453.5,4542.1875,211.896,11.6451,0.0,2.399248,180.9557
4.0,20,0,8000,337.5,1282.5,4007.8125,211.896,11.6451,0.0,2.102373,241.2743
4.0,20,2,2000,450.0,1710.0,5343.75,211.896,11.6451,616.2553,2.502196,60.3186
4.0,20,2,4000,427.5,1624.5,5076.5625,211.896,11.6451,616.2553,2.353759,120.6372
4.0,20,2,6000,382.5,1453.5,4542.1875,211.896,11.6451,616.2553,2.056884,180.9557
4.0,20,2,8000,337.5,1282.5,4007.8125,211.896,11.6451,616.2553,1.760009,241.2743
4.0,20,5,2000,450.0,1710.0,5343.75,211.896,11.6451,1538.9961,1.989563,60.3186
4.0,20,5,4000,427.5,1624.5,5076.5625,211.896,11.6451,1538.9961,1.841125,120.6372
4.0,20,5,6000,382.5,1453.5,4542.1875,211.896,11.6451,1538.9961,1.54425,180.9557
4.0,20,5,8000,337.5,1282.5,4007.8125,211.896,11.6451,1538.9961,1.247375,241.2743
4.0,20,8,2000,450.0,1710.0,5343.75,211.896,11.6451,2457.5186,1.479272,60.3186
4.0,20,8,4000,427.5,1624.5,5076.5625,211.896,11.6451,2457.5186,1.330835,120.6372
4.0,20,8,6000,382.5,1453.5,4542.1875,211.896,11.6451,2457.5186,1.03396,180.9557
4.0,20,8,8000,337.5,1282.5,4007.8125,211.896,11.6451,2457.5186,0.737085,241.2743
4.0,20,10,2000,450.0,1710.0,5343.75,211.896,11.6451,3066.2795,1.141072,60.3186
4.0,20,10,4000,427.5,1624.5,5076.5625,211.896,11.6451,3066.2795,0.992634,120.6372
4.0,20,10,6000,382.5,1453.5,4542.1875,211.896,11.6451,3066.2795,0.695759,180.9557
4.0,20,10,8000,337.5,1282.5,4007.8125,211.896,11.6451,3066.2795,0.398884,241.2743
4.0,40,0,2000,450.0,1710.0,5343.75,211.896,46.5802,0.0,2.825152,60.3186
4.0,40,0,4000,427.5,1624.5,5076.5625,211.896,46.5802,0.0,2.676715,120.6372
4.0,40,0,6000,382.5,1453.5,4542.1875,211.896,46.5802,0.0,2.37984,180.9557
4.0,40,0,8000,337.5,1282.5,4007.8125,211.896,46.5802,0.0,2.082965,241.2743
4.0,40,2,2000,450.0,1710.0,5343.75,211.896,46.5802,616.2553,2.482788,60.3186
4.0,40,2,4000,427.5,1624.5,5076.5625,211.896,46.5802,616.2553,2.334351,120.6372
4.0,40,2,6000,382.5,1453.5,4542.1875,211.896,46.5802,616.2553,2.037476,180.9557
4.0,40,2,8000,337.5,1282.5,4007.8125,211.896,46.5802,616.2553,1.740601,241.2743
4.0,40,5,2000,450.0,1710.0,5343.75,211.896,46.5802,1538.9961,1.970154,60.3186
4.0,40,5,4000,427.5,1624.5,5076.5625,211.896,46.5802,1538.9961,1.821717,120.6372
4.0,40,5,6000,382.5,1453.5,4542.1875,211.896,46.5802,1538.9961,1.524842,180.9557
4.0,40,5,8000,337.5,1282.5,4007.8125,211.896,46.5802,1538.9961,1.227967,241.2743
4.0,40,8,2000,450.0,1710.0,5343.75,211.896,46.5802,2457.5186,1.459864,60.3186
4.0,40,8,4000,427.5,1624.5,5076.5625,211.896,46.5802,2457.5186,1.311426,120.6372
4.0,40,8,6000,382.5,1453.5,4542.1875,211.896,46.5802,2457.5186,1.014551,180.9557
4.0,40,8,8000,337.5,1282.5,4007.8125,211.896,46.5802,2457.5186,0.717676,241.2743
4.0,40,10,2000,450.0,1710.0,5343.75,211.896,46.5802,3066.2795,1.121663,60.3186
4.0,40,10,4000,427.5,1624.5,5076.5625,211.896,46.5802,3066.2795,0.973226,120.6372
4.0,40,10,6000,382.5,1453.5,4542.1875,211.896,46.5802,3066.2795,0.676351,180.9557
4.0,40,10,8000,337.5,1282.5,4007.8125,211.896,46.5802,3066.2795,0.379476,241.2743
4.0,60,0,2000,450.0,1710.0,5343.75,211.896,104.8056,0.0,2.792805,60.3186
4.0,60,0,4000,427.5,1624.5,5076.5625,211.896,104.8056,0.0,2.644367,120.6372
4.0,60,0,6000,382.5,1453.5,4542.1875,211.896,104.8056,0.0,2.347492,180.9557
4.0,60,0,8000,337.5,1282.5,4007.8125,211.896,104.8056,0.0,2.050617,241.2743
4.0,60,2,2000,450.0,1710.0,5343.75,211.896,104.8056,616.2553,2.450441,60.3186
4.0,60,2,4000,427.5,1624.5,5076.5625,211.896,104.8056,616.2553,2.302003,120.6372
4.0,60,2,6000,382.5,1453.5,4542.1875,211.896,104.8056,616.2553,2.005128,180.9557
4.0,60,2,8000,337.5,1282.5,4007.8125,211.896,104.8056,616.2553,1.708253,241.2743
4.0,60,5,2000,450.0,1710.0,5343.75,211.896,104.8056,1538.9961,1.937807,60.3186
4.0,60,5,4000,427.5,1624.5,5076.5625,211.896,104.8056,1538.9961,1.789369,120.6372
4.0,60,5,6000,382.5,1453.5,4542.1875,211.896,104.8056,1538.9961,1.492494,180.9557
4.0,60,5,8000,337.5,1282.5,4007.8125,211.896,104.8056,1538.9961,1.195619,241.2743
4.0,60,8,2000,450.0,1710.0,5343.75,211.896,104.8056,2457.5186,1.427517,60.3186
4.0,60,8,4000,427.5,1624.5,5076.5625,211.896,104.8056,2457.5186,1.279079,120.6372
4.0,60,8,6000,382.5,1453.5,4542.1875,211.896,104.8056,2457.5186,0.982204,180.9557
4.0,60,8,8000,337.5,1282.5,4007.8125,211.896,104.8056,2457.5186,0.685329,241.2743
4.0,60,10,2000,450.0,1710.0,5343.75,211.896,104.8056,3066.2795,1.089316,60.3186
4.0,60,10,4000,427.5,1624.5,5076.5625,211.896,104.8056,3066.2795,0.940879,120.6372
4.0,60,10,6000,382.5,1453.5,4542.1875,211.896,104.8056,3066.2795,0.644004,180.9557
4.0,60,10,8000,337.5,1282.5,4007.8125,211.896,104.8056,3066.2795,0.347129,241.2743
4.0,80,0,2000,450.0,1710.0,5343.75,211.896,186.321,0.0,2.747518,60.3186
4.0,80,0,4000,427.5,1624.5,5076.5625,211.896,186.321,0.0,2.599081,120.6372
4.0,80,0,6000,382.5,1453.5,4542.1875,211.896,186.321,0.0,2.302206,180.9557
4.0,80,0,8000,337.5,1282.5,4007.8125,211.896,186.321,0.0,2.005331,241.2743
4.0,80,2,2000,450.0,1710.0,5343.75,211.896,186.321,616.2553,2.405154,60.3186
4.0,80,2,4000,427.5,1624.5,5076.5625,211.896,186.321,616.2553,2.256717,120.6372
4.0,80,2,6000,382.5,1453.5,4542.1875,211.896,186.321,616.2553,1.959842,180.9557
4.0,80,2,8000,337.5,1282.5,4007.8125,211.896,186.321,616.2553,1.662967,241.2743
4.0,80,5,2000,450.0,1710.0,5343.75,211.896,186.321,1538.9961,1.892521,60.3186
4.0,80,5,4000,427.5,1624.5,5076.5625,211.896,186.321,1538.9961,1.744083,120.6372
4.0,80,5,6000,382.5,1453.5,4542.1875,211.896,186.321,1538.9961,1.447208,180.9557
4.0,80,5,8000,337.5,1282.5,4007.8125,211.896,186.321,1538.9961,1.150333,241.2743
4.0,80,8,2000,450.0,1710.0,5343.75,211.896,186.321,2457.5186,1.38223,60.3186
4.0,80,8,4000,427.5,1624.5,5076.5625,211.896,186.321,2457.5186,1.233793,120.6372
4.0,80,8,6000,382.5,1453.5,4542.1875,211.896,186.321,2457.5186,0.936918,180.9557
4.0,80,8,8000,337.5,1282.5,4007.8125,211.896,186.321,2457.5186,0.640043,241.2743
4.0,80,10,2000,450.0,1710.0,5343.75,211.896,186.321,3066.2795,1.04403,60.3186
4.0,80,10,4000,427.5,1624.5,5076.5625,211.896,186.321,3066.2795,0.895592,120.6372
4.0,80,10,6000,382.5,1453.5,4542.1875,211.896,186.321,3066.2795,0.598717,180.9557
4.0,80,10,8000,337.5,1282.5,4007.8125,211.896,186.321,3066.2795,0.301842,241.2743
4.0,100,0,2000,450.0,1710.0,5343.75,211.896,291.1265,0.0,2.689293,60.3186
4.0,100,0,4000,427.5,1624.5,5076.5625,211.896,291.1265,0.0,2.540856,120.6372
4.0,100,0,6000,382.5,1453.5,4542.1875,211.896,291.1265,0.0,2.243981,180.9557
4.0,100,0,8000,337.5,1282.5,4007.8125,211.896,291.1265,0.0,1.947106,241.2743
4.0,100,2,2000,450.0,1710.0,5343.75,211.896,291.1265,616.2553,2.346929,60.3186
4.0,100,2,4000,427.5,1624.5,5076.5625,211.896,291.1265,616.2553,2.198491,120.6372
4.0,100,2,6000,382.5,1453.5,4542.1875,211.896,291.1265,616.2553,1.901616,180.9557
4.0,100,2,8000,337.5,1282.5,4007.8125,211.896,291.1265,616.2553,1.604741,241.2743
4.0,100,5,2000,450.0,1710.0,5343.75,211.896,291.1265,1538.9961,1.834295,60.3186
4.0,100,5,4000,427.5,1624.5,5076.5625,211.896,291.1265,1538.9961,1.685858,120.6372
4.0,100,5,6000,382.5,1453.5,4542.1875,211.896,291.1265,1538.9961,1.388983,180.9557
4.0,100,5,8000,337.5,1282.5,4007.8125,211.896,291.1265,1538.9961,1.092108,241.2743
4.0,100,8,2000,450.0,1710.0,5343.75,211.896,291.1265,2457.5186,1.324005,60.3186
4.0,100,8,4000,427.5,1624.5,5076.5625,211.896,291.1265,2457.5186,1.175567,120.6372
4.0,100,8,6000,382.5,1453.5,4542.1875,211.896,291.1265,2457.5186,0.878692,180.9557
4.0,100,8,8000,337.5,1282.5,4007.8125,211.896,291.1265,2457.5186,0.581817,241.2743
4.0,100,10,2000,450.0,1710.0,5343.75,211.896,291.1265,3066.2795,0.985804,60.3186
4.0,100,10,4000,427.5,1624.5,5076.5625,211.896,291.1265,3066.2795,0.837367,120.6372
4.0,100,10,6000,382.5,1453.5,4542.1875,211.896,291.1265,3066.2795,0.540492,180.9557
4.0,100,10,8000,337.5,1282.5,4007.8125,211.896,291.1265,3066.2795,0.243617,241.2743
4.25,20,0,2000,450.0,1816.875,5677.7344,211.896,11.6451,0.0,3.030107,56.7704
4.25,20,0,4000,427.5,1726.0312,5393.8477,211.896,11.6451,0.0,2.872393,113.5409
4.25,20,0,6000,382.5,1544.3438,4826.0742,211.896,11.6451,0.0,2.556963,170.3113
4.25,20,0,8000,337.5,1362.6562,4258.3008,211.896,11.6451,0.0,2.241533,227.0817
4.25,20,2,2000,450.0,1816.875,5677.7344,211.896,11.6451,616.2553,2.687743,56.7704
4.25,20,2,4000,427.5,1726.0312,5393.8477,211.896,11.6451,616.2553,2.530028,113.5409
4.25,20,2,6000,382.5,1544.3438,4826.0742,211.896,11.6451,616.2553,2.214599,170.3113
4.25,20,2,8000,337.5,1362.6562,4258.3008,211.896,11.6451,616.2553,1.899169,227.0817
4.25,20,5,2000,450.0,1816.875,5677.7344,211.896,11.6451,1538.9961,2.17511,56.7704
4.25,20,5,4000,427.5,1726.0312,5393.8477,211.896,11.6451,1538.9961,2.017395,113.5409
4.25,20,5,6000,382.5,1544.3438,4826.0742,211.896,11.6451,1538.9961,1.701965,170.3113
4.25,20,5,8000,337.5,1362.6562,4258.3008,211.896,11.6451,1538.9961,1.386535,227.0817
4.25,20,8,2000,450.0,1816.875,5677.7344,211.896,11.6451,2457.5186,1.664819,56.7704
4.25,20,8,4000,427.5,1726.0312,5393.8477,211.896,11.6451,2457.5186,1.507104,113.5409
4.25,20,8,6000,382.5,1544.3438,4826.0742,211.896,11.6451,2457.5186,1.191675,170.3113
4.25,20,8,8000,337.5,1362.6562,4258.3008,211.896,11.6451,2457.5186,0.876245,227.0817
4.25,20,10,2000,450.0,1816.875,5677.7344,211.896,11.6451,3066.2795,1.326619,56.7704
4.25,20,10,4000,427.5,1726.0312,5393.8477,211.896,11.6451,3066.2795,1.168904,113.5409
4.25,20,10,6000,382.5,1544.3438,4826.0742,211.896,11.6451,3066.2795,0.853474,170.3113
4.25,20,10,8000,337.5,1362.6562,4258.3008,211.896,11.6451,3066.2795,0.538045,227.0817
4.25,40,0,2000,450.0,1816.875,5677.7344,211.896,46.5802,0.0,3.010699,56.7704
4.25,40,0,4000,427.5,1726.0312,5393.8477,211.896,46.5802,0.0,2.852984,113.5409
4.25,40,0,6000,382.5,1544.3438,4826.0742,211.896,46.5802,0.0,2.537554,170.3113
4.25,40,0,8000,337.5,1362.6562,4258.3008,211.896,46.5802,0.0,2.222125,227.0817
4.25,40,2,2000,450.0,1816.875,5677.7344,211.896,46.5802,616.2553,2.668335,56.7704
4.25,40,2,4000,427.5,1726.0312,5393.8477,211.896,46.5802,616.2553,2.51062,113.5409
4.25,40,2,6000,382.5,1544.3438,4826.0742,211.896,46.5802,616.2553,2.19519,170.3113
4.25,40,2,8000,337.5,1362.6562,4258.3008,211.896,46.5802,616.2553,1.879761,227.0817
4.25,40,5,2000,450.0,1816.875,5677.7344,211.896,46.5802,1538.9961,2.155701,56.7704
4.25,40,5,4000,427.5,1726.0312,5393.8477,211.896,46.5802,1538.9961,1.997986,113.5409
4.25,40,5,6000,382.5,1544.3438,4826.0742,211.896,46.5802,1538.9961,1.682557,170.3113
4.25,40,5,8000,337.5,1362.6562,4258.3008,211.896,46.5802,1538.9961,1.367127,227.0817
4.25,40,8,2000,450.0,1816.875,5677.7344,211.896,46.5802,2457.5186,1.645411,56.7704
4.25,40,8,4000,427.5,1726.0312,5393.8477,211.896,46.5802,2457.5186,1.487696,113.5409
4.25,40,8,6000,382.5,1544.3438,4826.0742,211.896,46.5802,2457.5186,1.172266,170.3113
4.25,40,8,8000,337.5,1362.6562,4258.3008,211.896,46.5802,2457.5186,0.856837,227.0817
4.25,40,10,2000,450.0,1816.875,5677.7344,211.896,46.5802,3066.2795,1.30721,56.7704
4.25,40,10,4000,427.5,1726.0312,5393.8477,211.896,46.5802,3066.2795,1.149495,113.5409
4.25,40,10,6000,382.5,1544.3438,4826.0742,211.896,46.5802,3066.2795,0.834066,170.3113
4.25,40,10,8000,337.5,1362.6562,4258.3008,211.896,46.5802,3066.2795,0.518636,227.0817
4.25,60,0,2000,450.0,1816.875,5677.7344,211.896,104.8056,0.0,2.978352,56.7704
4.25,60,0,4000,427.5,1726.0312,5393.8477,211.896,104.8056,0.0,2.820637,113.5409
4.25,60,0,6000,382.5,1544.3438,4826.0742,211.896,104.8056,0.0,2.505207,170.3113
4.25,60,0,8000,337.5,1362.6562,4258.3008,211.896,104.8056,0.0,2.189777,227.0817
4.25,60,2,2000,450.0,1816.875,5677.7344,211.896,104.8056,616.2553,2.635988,56.7704
4.25,60,2,4000,427.5,1726.0312,5393.8477,211.896,104.8056,616.2553,2.478273,113.5409
4.25,60,2,6000,382.5,1544.3438,4826.0742,211.896,104.8056,616.2553,2.162843,170.3113
4.25,60,2,8000,337.5,1362.6562,4258.3008,211.896,104.8056,616.2553,1.847413,227.0817
4.25,60,5,2000,450.0,1816.875,5677.7344,211.896,104.8056,1538.9961,2.123354,56.7704
4.25,60,5,4000,427.5,1726.0312,5393.8477,211.896,104.8056,1538.9961,1.965639,113.5409
4.25,60,5,6000,382.5,1544.3438,4826.0742,211.896,104.8056,1538.9961,1.650209,170.3113
4.25,60,5,8000,337.5,1362.6562,4258.3008,211.896,104.8056,1538.9961,1.33478,227.0817
4.25,60,8,2000,450.0,1816.875,5677.7344,211.896,104.8056,2457.5186,1.613063,56.7704
4.25,60,8,4000,427.5,1726.0312,5393.8477,211.896,104.8056,2457.5186,1.455349,113.5409
4.25,60,8,6000,382.5,1544.3438,4826.0742,211.896,104.8056,2457.5186,1.139919,170.3113
4.25,60,8,8000,337.5,1362.6562,4258.3008,211.896,104.8056,2457.5186,0.824489,227.0817
4.25,60,10,2000,450.0,1816.875,5677.7344,211.896,104.8056,3066.2795,1.274863,56.7704
4.25,60,10,4000,427.5,1726.0312,5393.8477,211.896,104.8056,3066.2795,1.117148,113.5409
4.25,60,10,6000,382.5,1544.3438,4826.0742,211.896,104.8056,3066.2795,0.801718,170.3113
4.25,60,10,8000,337.5,1362.6562,4258.3008,211.896,104.8056,3066.2795,0.486289,227.0817
4.25,80,0,2000,450.0,1816.875,5677.7344,211.896,186.321,0.0,2.933065,56.7704
4.25,80,0,4000,427.5,1726.0312,5393.8477,211.896,186.321,0.0,2.77535,113.5409
4.25,80,0,6000,382.5,1544.3438,4826.0742,211.896,186.321,0.0,2.459921,170.3113
4.25,80,0,8000,337.5,1362.6562,4258.3008,211.896,186.321,0.0,2.144491,227.0817
4.25,80,2,2000,450.0,1816.875,5677.7344,211.896,186.321,616.2553,2.590701,56.7704
4.25,80,2,4000,427.5,1726.0312,5393.8477,211.896,186.321,616.2553,2.432986,113.5409
4.25,80,2,6000,382.5,1544.3438,4826.0742,211.896,186.321,616.2553,2.117557,170.3113
4.25,80,2,8000,337.5,1362.6562,4258.3008,211.896,186.321,616.2553,1.802127,227.0817
4.25,80,5,2000,450.0,1816.875,5677.7344,211.896,186.321,1538.9961,2.078067,56.7704
4.25,80,5,4000,427.5,1726.0312,5393.8477,211.896,186.321,1538.9961,1.920353,113.5409
4.25,80,5,6000,382.5,1544.3438,4826.0742,211.896,186.321,1538.9961,1.604923,170.3113
4.25,80,5,8000,337.5,1362.6562,4258.3008,211.896,186.321,1538.9961,1.289493,227.0817
4.25,80,8,2000,450.0,1816.875,5677.7344,211.896,186.321,2457.5186,1.567777,56.7704
4.25,80,8,4000,427.5,1726.0312,5393.8477,211.896,186.321,2457.5186,1.410062,113.5409
4.25,80,8,6000,382.5,1544.3438,4826.0742,211.896,186.321,2457.5186,1.094633,170.3113
4.25,80,8,8000,337.5,1362.6562,4258.3008,211.896,186.321,2457.5186,0.779203,227.0817
4.25,80,10,2000,450.0,1816.875,5677.7344,211.896,186.321,3066.2795,1.229577,56.7704
4.25,80,10,4000,427.5,1726.0312,5393.8477,211.896,186.321,3066.2795,1.071862,113.5409
4.25,80,10,6000,382.5,1544.3438,4826.0742,211.896,186.321,3066.2795,0.756432,170.3113
4.25,80,10,8000,337.5,1362.6562,4258.3008,211.896,186.321,3066.2795,0.441002,227.0817
4.25,100,0,2000,450.0,1816.875,5677.7344,211.896,291.1265,0.0,2.87484,56.7704
4.25,100,0,4000,427.5,1726.0312,5393.8477,211.896,291.1265,0.0,2.717125,113.5409
4.25,100,0,6000,382.5,1544.3438,4826.0742,211.896,291.1265,0.0,2.401695,170.3113
4.25,100,0,8000,337.5,1362.6562,4258.3008,211.896,291.1265,0.0,2.086266,227.0817
4.25,100,2,2000,450.0,1816.875,5677.7344,211.896,291.1265,616.2553,2.532476,56.7704
4.25,100,2,4000,427.5,1726.0312,5393.8477,211.896,291.1265,616.2553,2.374761,113.5409
4.25,100,2,6000,382.5,1544.3438,4826.0742,211.896,291.1265,616.2553,2.059331,170.3113
4.25,100,2,8000,337.5,1362.6562,4258.3008,211.896,291.1265,616.2553,1.743902,227.0817
4.25,100,5,2000,450.0,1816.875,5677.7344,211.896,291.1265,1538.9961,2.019842,56.7704
4.25,100,5,4000,427.5,1726.0312,5393.8477,211.896,291.1265,1538.9961,1.862127,113.5409
4.25,100,5,6000,382.5,1544.3438,4826.0742,211.896,291.1265,1538.9961,1.546698,170.3113
4.25,100,5,8000,337.5,1362.6562,4258.3008,211.896,291.1265,1538.9961,1.231268,227.0817
4.25,100,8,2000,450.0,1816.875,5677.7344,211.896,291.1265,2457.5186,1.509552,56.7704
4.25,100,8,4000,427.5,1726.0312,5393.8477,211.896,291.1265,2457.5186,1.351837,113.5409
4.25,100,8,6000,382.5,1544.3438,4826.0742,211.896,291.1265,2457.5186,1.036407,170.3113
4.25,100,8,8000,337.5,1362.6562,4258.3008,211.896,291.1265,2457.5186,0.720978,227.0817
4.25,100,10,2000,450.0,1816.875,5677.7344,211.896,291.1265,3066.2795,1.171351,56.7704
4.25,100,10,4000,427.5,1726.0312,5393.8477,211.896,291.1265,3066.2795,1.013636,113.5409
4.25,100,10,6000,382.5,1544.3438,4826.0742,211.896,291.1265,3066.2795,0.698207,170.3113
4.25,100,10,8000,337.5,1362.6562,4258.3008,211.896,291.1265,3066.2795,0.382777,227.0817
4.5,20,0,2000,450.0,1923.75,6011.7188,211.896,11.6451,0.0,3.215654,53.6165
4.5,20,0,4000,427.5,1827.5625,5711.1328,211.896,11.6451,0.0,3.048662,107.233
4.5,20,0,6000,382.5,1635.1875,5109.9609,211.896,11.6451,0.0,2.714678,160.8495
4.5,20,0,8000,337.5,1442.8125,4508.7891,211.896,11.6451,0.0,2.380693,214.4661
4.5,20,2,2000,450.0,1923.75,6011.7188,211.896,11.6451,616.2553,2.87329,53.6165
4.5,20,2,4000,427.5,1827.5625,5711.1328,211.896,11.6451,616.2553,2.706298,107.233
4.5,20,2,6000,382.5,1635.1875,5109.9609,211.896,11.6451,616.2553,2.372314,160.8495
4.5,20,2,8000,337.5,1442.8125,4508.7891,211.896,11.6451,616.2553,2.038329,214.4661
4.5,20,5,2000,450.0,1923.75,6011.7188,211.896,11.6451,1538.9961,2.360656,53.6165
4.5,20,5,4000,427.5,1827.5625,5711.1328,211.896,11.6451,1538.9961,2.193664,107.233
4.5,20,5,6000,382.5,1635.1875,5109.9609,211.896,11.6451,1538.9961,1.85968,160.8495
4.5,20,5,8000,337.5,1442.8125,4508.7891,211.896,11.6451,1538.9961,1.525695,214.4661
4.5,20,8,2000,450.0,1923.75,6011.7188,211.896,11.6451,2457.5186,1.850366,53.6165
4.5,20,8,4000,427.5,1827.5625,5711.1328,211.896,11.6451,2457.5186,1.683374,107.233
4.5,20,8,6000,382.5,1635.1875,5109.9609,211.896,11.6451,2457.5186,1.34939,160.8495
4.5,20,8,8000,337.5,1442.8125,4508.7891,211.896,11.6451,2457.5186,1.015405,214.4661
4.5,20,10,2000,450.0,1923.75,6011.7188,211.896,11.6451,3066.2795,1.512166,53.6165
4.5,20,10,4000,427.5,1827.5625,5711.1328,211.896,11.6451,3066.2795,1.345173,107.233
4.5,20,10,6000,382.5,1635.1875,5109.9609,211.896,11.6451,3066.2795,1.011189,160.8495
4.5,20,10,8000,337.5,1442.8125,4508.7891,211.896,11.6451,3066.2795,0.677205,214.4661
4.5,40,0,2000,450.0,1923.75,6011.7188,211.896,46.5802,0.0,3.196246,53.6165
4.5,40,0,4000,427.5,1827.5625,5711.1328,211.896,46.5802,0.0,3.029254,107.233
4.5,40,0,6000,382.5,1635.1875,5109.9609,211.896,46.5802,0.0,2.695269,160.8495
4.5,40,0,8000,337.5,1442.8125,4508.7891,211.896,46.5802,0.0,2.361285,214.4661
4.5,40,2,2000,450.0,1923.75,6011.7188,211.896,46.5802,616.2553,2.853882,53.6165
4.5,40,2,4000,427.5,1827.5625,5711.1328,211.896,46.5802,616.2553,2.68689,107.233
4.5,40,2,6000,382.5,1635.1875,5109.9609,211.896,46.5802,616.2553,2.352905,160.8495
4.5,40,2,8000,337.5,1442.8125,4508.7891,211.896,46.5802,616.2553,2.018921,214.4661
4.5,40,5,2000,450.0,1923.75,6011.7188,211.896,46.5802,1538.9961,2.341248,53.6165
4.5,40,5,4000,427.5,1827.5625,5711.1328,211.896,46.5802,1538.9961,2.174256,107.233
4.5,40,5,6000,382.5,1635.1875,5109.9609,211.896,46.5802,1538.9961,1.840271,160.8495
4.5,40,5,8000,337.5,1442.8125,4508.7891,211.896,46.5802,1538.9961,1.506287,214.4661
4.5,40,8,2000,450.0,1923.75,6011.7188,211.896,46.5802,2457.5186,1.830958,53.6165
4.5,40,8,4000,427.5,1827.5625,5711.1328,211.896,46.5802,2457.5186,1.663966,107.233
4.5,40,8,6000,382.5,1635.1875,5109.9609,211.896,46.5802,2457.5186,1.329981,160.8495
4.5,40,8,8000,337.5,1442.8125,4508.7891,211.896,46.5802,2457.5186,0.995997,214.4661
4.5,40,10,2000,450.0,1923.75,6011.7188,211.896,46.5802,3066.2795,1.492757,53.6165
4.5,40,10,4000,427.5,1827.5625,5711.1328,211.896,46.5802,3066.2795,1.325765,107.233
4.5,40,10,6000,382.5,1635.1875,5109.9609,211.896,46.5802,3066.2795,0.991781,160.8495
4.5,40,10,8000,337.5,1442.8125,4508.7891,211.896,46.5802,3066.2795,0.657796,214.4661
4.5,60,0,2000,450.0,1923.75,6011.7188,211.896,104.8056,0.0,3.163898,53.6165
4.5,60,0,4000,427.5,1827.5625,5711.1328,211.896,104.8056,0.0,2.996906,107.233
4.5,60,0,6000,382.5,1635.1875,5109.9609,211.896,104.8056,0.0,2.662922,160.8495
4.5,60,0,8000,337.5,1442.8125,4508.7891,211.896,104.8056,0.0,2.328938,214.4661
4.5,60,2,2000,450.0,1923.75,6011.7188,211.896,104.8056,616.2553,2.821534,53.6165
4.5,60,2,4000,427.5,1827.5625,5711.1328,211.896,104.8056,616.2553,2.654542,107.233
4.5,60,2,6000,382.5,1635.1875,5109.9609,211.896,104.8056,616.2553,2.320558,160.8495
4.5,60,2,8000,337.5,1442.8125,4508.7891,211.896,104.8056,616.2553,1.986573,214.4661
4.5,60,5,2000,450.0,1923.75,6011.7188,211.896,104.8056,1538.9961,2.308901,53.6165
4.5,60,5,4000,427.5,1827.5625,5711.1328,211.896,104.8056,1538.9961,2.141908,107.233
4.5,60,5,6000,382.5,1635.1875,5109.9609,211.896,104.8056,1538.9961,1.807924,160.8495
4.5,60,5,8000,337.5,1442.8125,4508.7891,211.896,104.8056,1538.9961,1.47394,214.4661
4.5,60,8,2000,450.0,1923.75,6011.7188,211.896,104.8056,2457.5186,1.79861,53.6165
4.5,60,8,4000,427.5,1827.5625,5711.1328,211.896,104.8056,2457.5186,1.631618,107.233
4.5,60,8,6000,382.5,1635.1875,5109.9609,211.896,104.8056,2457.5186,1.297634,160.8495
4.5,60,8,8000,337.5,1442.8125,4508.7891,211.896,104.8056,2457.5186,0.963649,214.4661
4.5,60,10,2000,450.0,1923.75,6011.7188,211.896,104.8056,3066.2795,1.46041,53.6165
4.5,60,10,4000,427.5,1827.5625,5711.1328,211.896,104.8056,3066.2795,1.293418,107.233
4.5,60,10,6000,382.5,1635.1875,5109.9609,211.896,104.8056,3066.2795,0.959433,160.8495
4.5,60,10,8000,337.5,1442.8125,4508.7891,211.896,104.8056,3066.2795,0.625449,214.4661
4.5,80,0,2000,450.0,1923.75,6011.7188,211.896,186.321,0.0,3.118612,53.6165
4.5,80,0,4000,427.5,1827.5625,5711.1328,211.896,186.321,0.0,2.95162,107.233
4.5,80,0,6000,382.5,1635.1875,5109.9609,211.896,186.321,0.0,2.617636,160.8495
4.5,80,0,8000,337.5,1442.8125,4508.7891,211.896,186.321,0.0,2.283651,214.4661
4.5,80,2,2000,450.0,1923.75,6011.7188,211.896,186.321,616.2553,2.776248,53.6165
4.5,80,2,4000,427.5,1827.5625,5711.1328,211.896,186.321,616.2553,2.609256,107.233
4.5,80,2,6000,382.5,1635.1875,5109.9609,211.896,186.321,616.2553,2.275271,160.8495
4.5,80,2,8000,337.5,1442.8125,4508.7891,211.896,186.321,616.2553,1.941287,214.4661
4.5,80,5,2000,450.0,1923.75,6011.7188,211.896,186.321,1538.9961,2.263614,53.6165
4.5,80,5,4000,427.5,1827.5625,5711.1328,211.896,186.321,1538.9961,2.096622,107.233
4.5,80,5,6000,382.5,1635.1875,5109.9609,211.896,186.321,1538.9961,1.762638,160.8495
4.5,80,5,8000,337.5,1442.8125,4508.7891,211.896,186.321,1538.9961,1.428653,214.4661
4.5,80,8,2000,450.0,1923.75,6011.7188,211.896,186.321,2457.5186,1.753324,53.6165
4.5,80,8,4000,427.5,1827.5625,5711.1328,211.896,186.321,2457.5186,1.586332,107.233
4.5,80,8,6000,382.5,1635.1875,5109.9609,211.896,186.321,2457.5186,1.252347,160.8495
4.5,80,8,8000,337.5,1442.8125,4508.7891,211.896,186.321,2457.5186,0.918363,214.4661
4.5,80,10,2000,450.0,1923.75,6011.7188,211.896,186.321,3066.2795,1.415123,53.6165
4.5,80,10,4000,427.5,1827.5625,5711.1328,211.896,186.321,3066.2795,1.248131,107.233
4.5,80,10,6000,382.5,1635.1875,5109.9609,211.896,186.321,3066.2795,0.914147,160.8495
4.5,80,10,8000,337.5,1442.8125,4508.7891,211.896,186.321,3066.2795,0.580163,214.4661
4.5,100,0,2000,450.0,1923.75,6011.7188,211.896,291.1265,0.0,3.060387,53.6165
4.5,100,0,4000,427.5,1827.5625,5711.1328,211.896,291.1265,0.0,2.893395,107.233
4.5,100,0,6000,382.5,1635.1875,5109.9609,211.896,291.1265,0.0,2.55941,160.8495
4.5,100,0,8000,337.5,1442.8125,4508.7891,211.896,291.1265,0.0,2.225426,214.4661
4.5,100,2,2000,450.0,1923.75,6011.7188,211.896,291.1265,616.2553,2.718023,53.6165
4.5,100,2,4000,427.5,1827.5625,5711.1328,211.896,291.1265,616.2553,2.551031,107.233
4.5,100,2,6000,382.5,1635.1875,5109.9609,211.896,291.1265,616.2553,2.217046,160.8495
4.5,100,2,8000,337.5,1442.8125,4508.7891,211.896,291.1265,616.2553,1.883062,214.4661
4.5,100,5,2000,450.0,1923.75,6011.7188,211.896,291.1265,1538.9961,2.205389,53.6165
4.5,100,5,4000,427.5,1827.5625,5711.1328,211.896,291.1265,1538.9961,2.038397,107.233
4.5,100,5,6000,382.5,1635.1875,5109.9609,211.896,291.1265,1538.9961,1.704412,160.8495
4.5,100,5,8000,337.5,1442.8125,4508.7891,211.896,291.1265,1538.9961,1.370428,214.4661
4.5,100,8,2000,450.0,1923.75,6011.7188,211.896,291.1265,2457.5186,1.695099,53.6165
4.5,100,8,4000,427.5,1827.5625,5711.1328,211.896,291.1265,2457.5186,1.528106,107.233
4.5,100,8,6000,382.5,1635.1875,5109.9609,211.896,291.1265,2457.5186,1.194122,160.8495
4.5,100,8,8000,337.5,1442.8125,4508.7891,211.896,291.1265,2457.5186,0.860138,214.4661
4.5,100,10,2000,450.0,1923.75,6011.7188,211.896,291.1265,3066.2795,1.356898,53.6165
4.5,100,10,4000,427.5,1827.5625,5711.1328,211.896,291.1265,3066.2795,1.189906,107.233
4.5,100,10,6000,382.5,1635.1875,5109.9609,211.896,291.1265,3066.2795,0.855922,160.8495
4.5,100,10,8000,337.5,1442.8125,4508.7891,211.896,291.1265,3066.2795,0.521937,214.4661
4.75,20,0,2000,450.0,2030.625,6345.7031,211.896,11.6451,0.0,3.401201,50.7946
4.75,20,0,4000,427.5,1929.0938,6028.418,211.896,11.6451,0.0,3.224932,101.5892
4.75,20,0,6000,382.5,1726.0312,5393.8477,211.896,11.6451,0.0,2.872393,152.3838
4.75,20,0,8000,337.5,1522.9688,4759.2773,211.896,11.6451,0.0,2.519853,203.1784
4.75,20,2,2000,450.0,2030.625,6345.7031,211.896,11.6451,616.2553,3.058837,50.7946
4.75,20,2,4000,427.5,1929.0938,6028.418,211.896,11.6451,616.2553,2.882568,101.5892
4.75,20,2,6000,382.5,1726.0312,5393.8477,211.896,11.6451,616.2553,2.530028,152.3838
4.75,20,2,8000,337.5,1522.9688,4759.2773,211.896,11.6451,616.2553,2.177489,203.1784
4.75,20,5,2000,450.0,2030.625,6345.7031,211.896,11.6451,1538.9961,2.546203,50.7946
4.75,20,5,4000,427.5,1929.0938,6028.418,211.896,11.6451,1538.9961,2.369934,101.5892
4.75,20,5,6000,382.5,1726.0312,5393.8477,211.896,11.6451,1538.9961,2.017395,152.3838
4.75,20,5,8000,337.5,1522.9688,4759.2773,211.896,11.6451,1538.9961,1.664856,203.1784
4.75,20,8,2000,450.0,2030.625,6345.7031,211.896,11.6451,2457.5186,2.035913,50.7946
4.75,20,8,4000,427.5,1929.0938,6028.418,211.896,11.6451,2457.5186,1.859643,101.5892
4.75,20,8,6000,382.5,1726.0312,5393.8477,211.896,11.6451,2457.5186,1.507104,152.3838
4.75,20,8,8000,337.5,1522.9688,4759.2773,211.896,11.6451,2457.5186,1.154565,203.1784
4.75,20,10,2000,450.0,2030.625,6345.7031,211.896,11.6451,3066.2795,1.697713,50.7946
4.75,20,10,4000,427.5,1929.0938,6028.418,211.896,11.6451,3066.2795,1.521443,101.5892
4.75,20,10,6000,382.5,1726.0312,5393.8477,211.896,11.6451,3066.2795,1.168904,152.3838
4.75,20,10,8000,337.5,1522.9688,4759.2773,211.896,11.6451,3066.2795,0.816365,203.1784
4.75,40,0,2000,450.0,2030.625,6345.7031,211.896,46.5802,0.0,3.381793,50.7946
4.75,40,0,4000,427.5,1929.0938,6028.418,211.896,46.5802,0.0,3.205523,101.5892
4.75,40,0,6000,382.5,1726.0312,5393.8477,211.896,46.5802,0.0,2.852984,152.3838
4.75,40,0,8000,337.5,1522.9688,4759.2773,211.896,46.5802,0.0,2.500445,203.1784
4.75,40,2,2000,450.0,2030.625,6345.7031,211.896,46.5802,616.2553,3.039429,50.7946
4.75,40,2,4000,427.5,1929.0938,6028.418,211.896,46.5802,616.2553,2.863159,101.5892
4.75,40,2,6000,382.5,1726.0312,5393.8477,211.896,46.5802,616.2553,2.51062,152.3838
4.75,40,2,8000,337.5,1522.9688,4759.2773,211.896,46.5802,616.2553,2.158081,203.1784
4.75,40,5,2000,450.0,2030.625,6345.7031,211.896,46.5802,1538.9961,2.526795,50.7946
4.75,40,5,4000,427.5,1929.0938,6028.418,211.896,46.5802,1538.9961,2.350525,101.5892
4.75,40,5,6000,382.5,1726.0312,5393.8477,211.896,46.5802,1538.9961,1.997986,152.3838
4.75,40,5,8000,337.5,1522.9688,4759.2773,211.896,46.5802,1538.9961,1.645447,203.1784
4.75,40,8,2000,450.0,2030.625,6345.7031,211.896,46.5802,2457.5186,2.016505,50.7946
4.75,40,8,4000,427.5,1929.0938,6028.418,211.896,46.5802,2457.5186,1.840235,101.5892
4.75,40,8,6000,382.5,1726.0312,5393.8477,211.896,46.5802,2457.5186,1.487696,152.3838
4.75,40,8,8000,337.5,1522.9688,4759.2773,211.896,46.5802,2457.5186,1.135157,203.1784
4.75,40,10,2000,450.0,2030.625,6345.7031,211.896,46.5802,3066.2795,1.678304,50.7946
4.75,40,10,4000,427.5,1929.0938,6028.418,211.896,46.5802,3066.2795,1.502035,101.5892
4.75,40,10,6000,382.5,1726.0312,5393.8477,211.896,46.5802,3066.2795,1.149495,152.3838
4.75,40,10,8000,337.5,1522.9688,4759.2773,211.896,46.5802,3066.2795,0.796956,203.1784
4.75,60,0,2000,450.0,2030.625,6345.7031,211.896,104.8056,0.0,3.349445,50.7946
4.75,60,0,4000,427.5,1929.0938,6028.418,211.896,104.8056,0.0,3.173176,101.5892
4.75,60,0,6000,382.5,1726.0312,5393.8477,211.896,104.8056,0.0,2.820637,152.3838
4.75,60,0,8000,337.5,1522.9688,4759.2773,211.896,104.8056,0.0,2.468098,203.1784
4.75,60,2,2000,450.0,2030.625,6345.7031,211.896,104.8056,616.2553,3.007081,50.7946
4.75,60,2,4000,427.5,1929.0938,6028.418,211.896,104.8056,616.2553,2.830812,101.5892
4.75,60,2,6000,382.5,1726.0312,5393.8477,211.896,104.8056,616.2553,2.478273,152.3838
4.75,60,2,8000,337.5,1522.9688,4759.2773,211.896,104.8056,616.2553,2.125734,203.1784
4.75,60,5,2000,450.0,2030.625,6345.7031,211.896,104.8056,1538.9961,2.494447,50.7946
4.75,60,5,4000,427.5,1929.0938,6028.418,211.896,104.8056,1538.9961,2.318178,101.5892
4.75,60,5,6000,382.5,1726.0312,5393.8477,211.896,104.8056,1538.9961,1.965639,152.3838
4.75,60,5,8000,337.5,1522.9688,4759.2773,211.896,104.8056,1538.9961,1.6131,203.1784
4.75,60,8,2000,450.0,2030.625,6345.7031,211.896,104.8056,2457.5186,1.984157,50.7946
4.75,60,8,4000,427.5,1929.0938,6028.418,211.896,104.8056,2457.5186,1.807888,101.5892
4.75,60,8,6000,382.5,1726.0312,5393.8477,211.896,104.8056,2457.5186,1.455349,152.3838
4.75,60,8,8000,337.5,1522.9688,4759.2773,211.896,104.8056,2457.5186,1.10281,203.1784
4.75,60,10,2000,450.0,2030.625,6345.7031,211.896,104.8056,3066.2795,1.645957,50.7946
4.75,60,10,4000,427.5,1929.0938,6028.418,211.896,104.8056,3066.2795,1.469687,101.5892
4.75,60,10,6000,382.5,1726.0312,5393.8477,211.896,104.8056,3066.2795,1.117148,152.3838
4.75,60,10,8000,337.5,1522.9688,4759.2773,211.896,104.8056,3066.2795,0.764609,203.1784
4.75,80,0,2000,450.0,2030.625,6345.7031,211.896,186.321,0.0,3.304159,50.7946
4.75,80,0,4000,427.5,1929.0938,6028.418,211.896,186.321,0.0,3.127889,101.5892
4.75,80,0,6000,382.5,1726.0312,5393.8477,211.896,186.321,0.0,2.77535,152.3838
4.75,80,0,8000,337.5,1522.9688,4759.2773,211.896,186.321,0.0,2.422811,203.1784
4.75,80,2,2000,450.0,2030.625,6345.7031,211.896,186.321,616.2553,2.961795,50.7946
4.75,80,2,4000,427.5,1929.0938,6028.418,211.896,186.321,616.2553,2.785525,101.5892
4.75,80,2,6000,382.5,1726.0312,5393.8477,211.896,186.321,616.2553,2.432986,152.3838
4.75,80,2,8000,337.5,1522.9688,4759.2773,211.896,186.321,616.2553,2.080447,203.1784
4.75,80,5,2000,450.0,2030.625,6345.7031,211.896,186.321,1538.9961,2.449161,50.7946
4.75,80,5,4000,427.5,1929.0938,6028.418,211.896,186.321,1538.9961,2.272892,101.5892
4.75,80,5,6000,382.5,1726.0312,5393.8477,211.896,186.321,1538.9961,1.920353,152.3838
4.75,80,5,8000,337.5,1522.9688,4759.2773,211.896,186.321,1538.9961,1.567813,203.1784
4.75,80,8,2000,450.0,2030.625,6345.7031,211.896,186.321,2457.5186,1.938871,50.7946
4.75,80,8,4000,427.5,1929.0938,6028.418,211.896,186.321,2457.5186,1.762601,101.5892
4.75,80,8,6000,382.5,1726.0312,5393.8477,211.896,186.321,2457.5186,1.410062,152.3838
4.75,80,8,8000,337.5,1522.9688,4759.2773,211.896,186.321,2457.5186,1.057523,203.1784
4.75,80,10,2000,450.0,2030.625,6345.7031,211.896,186.321,3066.2795,1.60067,50.7946
4.75,80,10,4000,427.5,1929.0938,6028.418,211.896,186.321,3066.2795,1.424401,101.5892
4.75,80,10,6000,382.5,1726.0312,5393.8477,211.896,186.321,3066.2795,1.071862,152.3838
4.75,80,10,8000,337.5,1522.9688,4759.2773,211.896,186.321,3066.2795,0.719323,203.1784
4.75,100,0,2000,450.0,2030.625,6345.7031,211.896,291.1265,0.0,3.245934,50.7946
4.75,100,0,4000,427.5,1929.0938,6028.418,211.896,291.1265,0.0,3.069664,101.5892
4.75,100,0,6000,382.5,1726.0312,5393.8477,211.896,291.1265,0.0,2.717125,152.3838
4.75,100,0,8000,337.5,1522.9688,4759.2773,211.896,291.1265,0.0,2.364586,203.1784
4.75,100,2,2000,450.0,2030.625,6345.7031,211.896,291.1265,616.2553,2.90357,50.7946
4.75,100,2,4000,427.5,1929.0938,6028.418,211.896,291.1265,616.2553,2.7273,101.5892
4.75,100,2,6000,382.5,1726.0312,5393.8477,211.896,291.1265,616.2553,2.374761,152.3838
4.75,100,2,8000,337.5,1522.9688,4759.2773,211.896,291.1265,616.2553,2.022222,203.1784
4.75,100,5,2000,450.0,2030.625,6345.7031,211.896,291.1265,1538.9961,2.390936,50.7946
4.75,100,5,4000,427.5,1929.0938,6028.418,211.896,291.1265,1538.9961,2.214666,101.5892
4.75,100,5,6000,382.5,1726.0312,5393.8477,211.896,291.1265,1538.9961,1.862127,152.3838
4.75,100,5,8000,337.5,1522.9688,4759.2773,211.896,291.1265,1538.9961,1.509588,203.1784
4.75,100,8,2000,450.0,2030.625,6345.7031,211.896,291.1265,2457.5186,1.880646,50.7946
4.75,100,8,4000,427.5,1929.0938,6028.418,211.896,291.1265,2457.5186,1.704376,101.5892
4.75,100,8,6000,382.5,1726.0312,5393.8477,211.896,291.1265,2457.5186,1.351837,152.3838
4.75,100,8,8000,337.5,1522.9688,4759.2773,211.896,291.1265,2457.5186,0.999298,203.1784
4.75,100,10,2000,450.0,2030.625,6345.7031,211.896,291.1265,3066.2795,1.542445,50.7946
4.75,100,10,4000,427.5,1929.0938,6028.418,211.896,291.1265,3066.2795,1.366176,101.5892
4.75,100,10,6000,382.5,1726.0312,5393.8477,211.896,291.1265,3066.2795,1.013636,152.3838
4.75,100,10,8000,337.5,1522.9688,4759.2773,211.896,291.1265,3066.2795,0.661097,203.1784
5.0,20,0,2000,450.0,2137.5,6679.6875,211.896,11.6451,0.0,3.586748,48.2549
5.0,20,0,4000,427.5,2030.625,6345.7031,211.896,11.6451,0.0,3.401201,96.5097
5.0,20,0,6000,382.5,1816.875,5677.7344,211.896,11.6451,0.0,3.030107,144.7646
5.0,20,0,8000,337.5,1603.125,5009.7656,211.896,11.6451,0.0,2.659014,193.0195
5.0,20,2,2000,450.0,2137.5,6679.6875,211.896,11.6451,616.2553,3.244384,48.2549
5.0,20,2,4000,427.5,2030.625,6345.7031,211.896,11.6451,616.2553,3.058837,96.5097
5.0,20,2,6000,382.5,1816.875,5677.7344,211.896,11.6451,616.2553,2.687743,144.7646
5.0,20,2,8000,337.5,1603.125,5009.7656,211.896,11.6451,616.2553,2.31665,193.0195
5.0,20,5,2000,450.0,2137.5,6679.6875,211.896,11.6451,1538.9961,2.73175,48.2549
5.0,20,5,4000,427.5,2030.625,6345.7031,211.896,11.6451,1538.9961,2.546203,96.5097
5.0,20,5,6000,382.5,1816.875,5677.7344,211.896,11.6451,1538.9961,2.17511,144.7646
5.0,20,5,8000,337.5,1603.125,5009.7656,211.896,11.6451,1538.9961,1.804016,193.0195
5.0,20,8,2000,450.0,2137.5,6679.6875,211.896,11.6451,2457.5186,2.22146,48.2549
5.0,20,8,4000,427.5,2030.625,6345.7031,211.896,11.6451,2457.5186,2.035913,96.5097
5.0,20,8,6000,382.5,1816.875,5677.7344,211.896,11.6451,2457.5186,1.664819,144.7646
5.0,20,8,8000,337.5,1603.125,5009.7656,211.896,11.6451,2457.5186,1.293726,193.0195
5.0,20,10,2000,450.0,2137.5,6679.6875,211.896,11.6451,3066.2795,1.883259,48.2549
5.0,20,10,4000,427.5,2030.625,6345.7031,211.896,11.6451,3066.2795,1.697713,96.5097
5.0,20,10,6000,382.5,1816.875,5677.7344,211.896,11.6451,3066.2795,1.326619,144.7646
5.0,20,10,8000,337.5,1603.125,5009.7656,211.896,11.6451,3066.2795,0.955525,193.0195
5.0,40,0,2000,450.0,2137.5,6679.6875,211.896,46.5802,0.0,3.56734,48.2549
5.0,40,0,4000,427.5,2030.625,6345.7031,211.896,46.5802,0.0,3.381793,96.5097
5.0,40,0,6000,382.5,1816.875,5677.7344,211.896,46.5802,0.0,3.010699,144.7646
5.0,40,0,8000,337.5,1603.125,5009.7656,211.896,46.5802,0.0,2.639605,193.0195
5.0,40,2,2000,450.0,2137.5,6679.6875,211.896,46.5802,616.2553,3.224976,48.2549
5.0,40,2,4000,427.5,2030.625,6345.7031,211.896,46.5802,616.2553,3.039429,96.5097
5.0,40,2,6000,382.5,1816.875,5677.7344,211.896,46.5802,616.2553,2.668335,144.7646
5.0,40,2,8000,337.5,1603.125,5009.7656,211.896,46.5802,616.2553,2.297241,193.0195
5.0,40,5,2000,450.0,2137.5,6679.6875,211.896,46.5802,1538.9961,2.712342,48.2549
5.0,40,5,4000,427.5,2030.625,6345.7031,211.896,46.5802,1538.9961,2.526795,96.5097
5.0,40,5,6000,382.5,1816.875,5677.7344,211.896,46.5802,1538.9961,2.155701,144.7646
5.0,40,5,8000,337.5,1603.125,5009.7656,211.896,46.5802,1538.9961,1.784607,193.0195
5.0,40,8,2000,450.0,2137.5,6679.6875,211.896,46.5802,2457.5186,2.202051,48.2549
5.0,40,8,4000,427.5,2030.625,6345.7031,211.896,46.5802,2457.5186,2.016505,96.5097
5.0,40,8,6000,382.5,1816.875,5677.7344,211.896,46.5802,2457.5186,1.645411,144.7646
5.0,40,8,8000,337.5,1603.125,5009.7656,211.896,46.5802,2457.5186,1.274317,193.0195
5.0,40,10,2000,450.0,2137.5,6679.6875,211.896,46.5802,3066.2795,1.863851,48.2549
5.0,40,10,4000,427.5,2030.625,6345.7031,211.896,46.5802,3066.2795,1.678304,96.5097
5.0,40,10,6000,382.5,1816.875,5677.7344,211.896,46.5802,3066.2795,1.30721,144.7646
5.0,40,10,8000,337.5,1603.125,5009.7656,211.896,46.5802,3066.2795,0.936117,193.0195
5.0,60,0,2000,450.0,2137.5,6679.6875,211.896,104.8056,0.0,3.534992,48.2549
5.0,60,0,4000,427.5,2030.625,6345.7031,211.896,104.8056,0.0,3.349445,96.5097
5.0,60,0,6000,382.5,1816.875,5677.7344,211.896,104.8056,0.0,2.978352,144.7646
5.0,60,0,8000,337.5,1603.125,5009.7656,211.896,104.8056,0.0,2.607258,193.0195
5.0,60,2,2000,450.0,2137.5,6679.6875,211.896,104.8056,616.2553,3.192628,48.2549
5.0,60,2,4000,427.5,2030.625,6345.7031,211.896,104.8056,616.2553,3.007081,96.5097
5.0,60,2,6000,382.5,1816.875,5677.7344,211.896,104.8056,616.2553,2.635988,144.7646
5.0,60,2,8000,337.5,1603.125,5009.7656,211.896,104.8056,616.2553,2.264894,193.0195
5.0,60,5,2000,450.0,2137.5,6679.6875,211.896,104.8056,1538.9961,2.679994,48.2549
5.0,60,5,4000,427.5,2030.625,6345.7031,211.896,104.8056,1538.9961,2.494447,96.5097
5.0,60,5,6000,382.5,1816.875,5677.7344,211.896,104.8056,1538.9961,2.123354,144.7646
5.0,60,5,8000,337.5,1603.125,5009.7656,211.896,104.8056,1538.9961,1.75226,193.0195
5.0,60,8,2000,450.0,2137.5,6679.6875,211.896,104.8056,2457.5186,2.169704,48.2549
5.0,60,8,4000,427.5,2030.625,6345.7031,211.896,104.8056,2457.5186,1.984157,96.5097
5.0,60,8,6000,382.5,1816.875,5677.7344,211.896,104.8056,2457.5186,1.613063,144.7646
5.0,60,8,8000,337.5,1603.125,5009.7656,211.896,104.8056,2457.5186,1.24197,193.0195
5.0,60,10,2000,450.0,2137.5,6679.6875,211.896,104.8056,3066.2795,1.831504,48.2549
5.0,60,10,4000,427.5,2030.625,6345.7031,211.896,104.8056,3066.2795,1.645957,96.5097
5.0,60,10,6000,382.5,1816.875,5677.7344,211.896,104.8056,3066.2795,1.274863,144.7646
5.0,60,10,8000,337.5,1603.125,5009.7656,211.896,104.8056,3066.2795,0.903769,193.0195
5.0,80,0,2000,450.0,2137.5,6679.6875,211.896,186.321,0.0,3.489706,48.2549
5.0,80,0,4000,427.5,2030.625,6345.7031,211.896,186.321,0.0,3.304159,96.5097
5.0,80,0,6000,382.5,1816.875,5677.7344,211.896,186.321,0.0,2.933065,144.7646
5.0,80,0,8000,337.5,1603.125,5009.7656,211.896,186.321,0.0,2.561971,193.0195
5.0,80,2,2000,450.0,2137.5,6679.6875,211.896,186.321,616.2553,3.147342,48.2549
5.0,80,2,4000,427.5,2030.625,6345.7031,211.896,186.321,616.2553,2.961795,96.5097
5.0,80,2,6000,382.5,1816.875,5677.7344,211.896,186.321,616.2553,2.590701,144.7646
5.0,80,2,8000,337.5,1603.125,5009.7656,211.896,186.321,616.2553,2.219607,193.0195
5.0,80,5,2000,450.0,2137.5,6679.6875,211.896,186.321,1538.9961,2.634708,48.2549
5.0,80,5,4000,427.5,2030.625,6345.7031,211.896,186.321,1538.9961,2.449161,96.5097
5.0,80,5,6000,382.5,1816.875,5677.7344,211.896,186.321,1538.9961,2.078067,144.7646
5.0,80,5,8000,337.5,1603.125,5009.7656,211.896,186.321,1538.9961,1.706974,193.0195
5.0,80,8,2000,450.0,2137.5,6679.6875,211.896,186.321,2457.5186,2.124418,48.2549
5.0,80,8,4000,427.5,2030.625,6345.7031,211.896,186.321,2457.5186,1.938871,96.5097
5.0,80,8,6000,382.5,1816.875,5677.7344,211.896,186.321,2457.5186,1.567777,144.7646
5.0,80,8,8000,337.5,1603.125,5009.7656,211.896,186.321,2457.5186,1.196683,193.0195
5.0,80,10,2000,450.0,2137.5,6679.6875,211.896,186.321,3066.2795,1.786217,48.2549
5.0,80,10,4000,427.5,2030.625,6345.7031,211.896,186.321,3066.2795,1.60067,96.5097
5.0,80,10,6000,382.5,1816.875,5677.7344,211.896,186.321,3066.2795,1.229577,144.7646
5.0,80,10,8000,337.5,1603.125,5009.7656,211.896,186.321,3066.2795,0.858483,193.0195
5.0,100,0,2000,450.0,2137.5,6679.6875,211.896,291.1265,0.0,3.431481,48.2549
5.0,100,0,4000,427.5,2030.625,6345.7031,211.896,291.1265,0.0,3.245934,96.5097
5.0,100,0,6000,382.5,1816.875,5677.7344,211.896,291.1265,0.0,2.87484,144.7646
5.0,100,0,8000,337.5,1603.125,5009.7656,211.896,291.1265,0.0,2.503746,193.0195
5.0,100,2,2000,450.0,2137.5,6679.6875,211.896,291.1265,616.2553,3.089116,48.2549
5.0,100,2,4000,427.5,2030.625,6345.7031,211.896,291.1265,616.2553,2.90357,96.5097
5.0,100,2,6000,382.5,1816.875,5677.7344,211.896,291.1265,616.2553,2.532476,144.7646
5.0,100,2,8000,337.5,1603.125,5009.7656,211.896,291.1265,616.2553,2.161382,193.0195
5.0,100,5,2000,450.0,2137.5,6679.6875,211.896,291.1265,1538.9961,2.576483,48.2549
5.0,100,5,4000,427.5,2030.625,6345.7031,211.896,291.1265,1538.9961,2.390936,96.5097
5.0,100,5,6000,382.5,1816.875,5677.7344,211.896,291.1265,1538.9961,2.019842,144.7646
5.0,100,5,8000,337.5,1603.125,5009.7656,211.896,291.1265,1538.9961,1.648748,193.0195
5.0,100,8,2000,450.0,2137.5,6679.6875,211.896,291.1265,2457.5186,2.066192,48.2549
5.0,100,8,4000,427.5,2030.625,6345.7031,211.896,291.1265,2457.5186,1.880646,96.5097
5.0,100,8,6000,382.5,1816.875,5677.7344,211.896,291.1265,2457.5186,1.509552,144.7646
5.0,100,8,8000,337.5,1603.125,5009.7656,211.896,291.1265,2457.5186,1.138458,193.0195
5.0,100,10,2000,450.0,2137.5,6679.6875,211.896,291.1265,3066.2795,1.727992,48.2549
5.0,100,10,4000,427.5,2030.625,6345.7031,211.896,291.1265,3066.2795,1.542445,96.5097
5.0,100,10,6000,382.5,1816.875,5677.7344,211.896,291.1265,3066.2795,1.171351,144.7646
5.0,100,10,8000,337.5,1603.125,5009.7656,211.896,291.1265,3066.2795,0.800258,193.0195
5.25,20,0,2000,450.0,2244.375,7013.6719,211.896,11.6451,0.0,3.772295,45.957
5.25,20,0,4000,427.5,2132.1562,6662.9883,211.896,11.6451,0.0,3.577471,91.914
5.25,20,0,6000,382.5,1907.7188,5961.6211,211.896,11.6451,0.0,3.187822,137.871
5.25,20,0,8000,337.5,1683.2812,5260.2539,211.896,11.6451,0.0,2.798174,183.8281
5.25,20,2,2000,450.0,2244.375,7013.6719,211.896,11.6451,616.2553,3.429931,45.957
5.25,20,2,4000,427.5,2132.1562,6662.9883,211.896,11.6451,616.2553,3.235107,91.914
5.25,20,2,6000,382.5,1907.7188,5961.6211,211.896,11.6451,616.2553,2.845458,137.871
5.25,20,2,8000,337.5,1683.2812,5260.2539,211.896,11.6451,616.2553,2.45581,183.8281
5.25,20,5,2000,450.0,2244.375,7013.6719,211.896,11.6451,1538.9961,2.917297,45.957
5.25,20,5,4000,427.5,2132.1562,6662.9883,211.896,11.6451,1538.9961,2.722473,91.914
5.25,20,5,6000,382.5,1907.7188,5961.6211,211.896,11.6451,1538.9961,2.332824,137.871
5.25,20,5,8000,337.5,1683.2812,5260.2539,211.896,11.6451,1538.9961,1.943176,183.8281
5.25,20,8,2000,450.0,2244.375,7013.6719,211.896,11.6451,2457.5186,2.407007,45.957
5.25,20,8,4000,427.5,2132.1562,6662.9883,211.896,11.6451,2457.5186,2.212183,91.914
5.25,20,8,6000,382.5,1907.7188,5961.6211,211.896,11.6451,2457.5186,1.822534,137.871
5.25,20,8,8000,337.5,1683.2812,5260.2539,211.896,11.6451,2457.5186,1.432886,183.8281
5.25,20,10,2000,450.0,2244.375,7013.6719,211.896,11.6451,3066.2795,2.068806,45.957
5.25,20,10,4000,427.5,2132.1562,6662.9883,211.896,11.6451,3066.2795,1.873982,91.914
5.25,20,10,6000,382.5,1907.7188,5961.6211,211.896,11.6451,3066.2795,1.484334,137.871
5.25,20,10,8000,337.5,1683.2812,5260.2539,211.896,11.6451,3066.2795,1.094685,183.8281
5.25,40,0,2000,450.0,2244.375,7013.6719,211.896,46.5802,0.0,3.752886,45.957
5.25,40,0,4000,427.5,2132.1562,6662.9883,211.896,46.5802,0.0,3.558062,91.914
5.25,40,0,6000,382.5,1907.7188,5961.6211,211.896,46.5802,0.0,3.168414,137.871
5.25,40,0,8000,337.5,1683.2812,5260.2539,211.896,46.5802,0.0,2.778765,183.8281
5.25,40,2,2000,450.0,2244.375,7013.6719,211.896,46.5802,616.2553,3.410522,45.957
5.25,40,2,4000,427.5,2132.1562,6662.9883,211.896,46.5802,616.2553,3.215698,91.914
5.25,40,2,6000,382.5,1907.7188,5961.6211,211.896,46.5802,616.2553,2.82605,137.871
5.25,40,2,8000,337.5,1683.2812,5260.2539,211.896,46.5802,616.2553,2.436401,183.8281
5.25,40,5,2000,450.0,2244.375,7013.6719,211.896,46.5802,1538.9961,2.897889,45.957
5.25,40,5,4000,427.5,2132.1562,6662.9883,211.896,46.5802,1538.9961,2.703064,91.914
5.25,40,5,6000,382.5,1907.7188,5961.6211,211.896,46.5802,1538.9961,2.313416,137.871
5.25,40,5,8000,337.5,1683.2812,5260.2539,211.896,46.5802,1538.9961,1.923768,183.8281
5.25,40,8,2000,450.0,2244.375,7013.6719,211.896,46.5802,2457.5186,2.387598,45.957
5.25,40,8,4000,427.5,2132.1562,6662.9883,211.896,46.5802,2457.5186,2.192774,91.914
5.25,40,8,6000,382.5,1907.7188,5961.6211,211.896,46.5802,2457.5186,1.803126,137.871
5.25,40,8,8000,337.5,1683.2812,5260.2539,211.896,46.5802,2457.5186,1.413477,183.8281
5.25,40,10,2000,450.0,2244.375,7013.6719,211.896,46.5802,3066.2795,2.049398,45.957
5.25,40,10,4000,427.5,2132.1562,6662.9883,211.896,46.5802,3066.2795,1.854574,91.914
5.25,40,10,6000,382.5,1907.7188,5961.6211,211.896,46.5802,3066.2795,1.464925,137.871
5.25,40,10,8000,337.5,1683.2812,5260.2539,211.896,46.5802,3066.2795,1.075277,183.8281
5.25,60,0,2000,450.0,2244.375,7013.6719,211.896,104.8056,0.0,3.720539,45.957
5.25,60,0,4000,427.5,2132.1562,6662.9883,211.896,104.8056,0.0,3.525715,91.914
5.25,60,0,6000,382.5,1907.7188,5961.6211,211.896,104.8056,0.0,3.136066,137.871
5.25,60,0,8000,337.5,1683.2812,5260.2539,211.896,104.8056,0.0,2.746418,183.8281
5.25,60,2,2000,450.0,2244.375,7013.6719,211.896,104.8056,616.2553,3.378175,45.957
5.25,60,2,4000,427.5,2132.1562,6662.9883,211.896,104.8056,616.2553,3.183351,91.914
5.25,60,2,6000,382.5,1907.7188,5961.6211,211.896,104.8056,616.2553,2.793702,137.871
5.25,60,2,8000,337.5,1683.2812,5260.2539,211.896,104.8056,616.2553,2.404054,183.8281
5.25,60,5,2000,450.0,2244.375,7013.6719,211.896,104.8056,1538.9961,2.865541,45.957
5.25,60,5,4000,427.5,2132.1562,6662.9883,211.896,104.8056,1538.9961,2.670717,91.914
5.25,60,5,6000,382.5,1907.7188,5961.6211,211.896,104.8056,1538.9961,2.281069,137.871
5.25,60,5,8000,337.5,1683.2812,5260.2539,211.896,104.8056,1538.9961,1.89142,183.8281
5.25,60,8,2000,450.0,2244.375,7013.6719,211.896,104.8056,2457.5186,2.355251,45.957
5.25,60,8,4000,427.5,2132.1562,6662.9883,211.896,104.8056,2457.5186,2.160427,91.914
5.25,60,8,6000,382.5,1907.7188,5961.6211,211.896,104.8056,2457.5186,1.770778,137.871
5.25,60,8,8000,337.5,1683.2812,5260.2539,211.896,104.8056,2457.5186,1.38113,183.8281
5.25,60,10,2000,450.0,2244.375,7013.6719,211.896,104.8056,3066.2795,2.01705,45.957
5.25,60,10,4000,427.5,2132.1562,6662.9883,211.896,104.8056,3066.2795,1.822226,91.914
5.25,60,10,6000,382.5,1907.7188,5961.6211,211.896,104.8056,3066.2795,1.432578,137.871
5.25,60,10,8000,337.5,1683.2812,5260.2539,211.896,104.8056,3066.2795,1.042929,183.8281
5.25,80,0,2000,450.0,2244.375,7013.6719,211.896,186.321,0.0,3.675253,45.957
5.25,80,0,4000,427.5,2132.1562,6662.9883,211.896,186.321,0.0,3.480428,91.914
5.25,80,0,6000,382.5,1907.7188,5961.6211,211.896,186.321,0.0,3.09078,137.871
5.25,80,0,8000,337.5,1683.2812,5260.2539,211.896,186.321,0.0,2.701132,183.8281
5.25,80,2,2000,450.0,2244.375,7013.6719,211.896,186.321,616.2553,3.332889,45.957
5.25,80,2,4000,427.5,2132.1562,6662.9883,211.896,186.321,616.2553,3.138064,91.914
5.25,80,2,6000,382.5,1907.7188,5961.6211,211.896,186.321,616.2553,2.748416,137.871
5.25,80,2,8000,337.5,1683.2812,5260.2539,211.896,186.321,616.2553,2.358768,183.8281
5.25,80,5,2000,450.0,2244.375,7013.6719,211.896,186.321,1538.9961,2.820255,45.957
5.25,80,5,4000,427.5,2132.1562,6662.9883,211.896,186.321,1538.9961,2.625431,91.914
5.25,80,5,6000,382.5,1907.7188,5961.6211,211.896,186.321,1538.9961,2.235782,137.871
5.25,80,5,8000,337.5,1683.2812,5260.2539,211.896,186.321,1538.9961,1.846134,183.8281
5.25,80,8,2000,450.0,2244.375,7013.6719,211.896,186.321,2457.5186,2.309965,45.957
5.25,80,8,4000,427.5,2132.1562,6662.9883,211.896,186.321,2457.5186,2.11514,91.914
5.25,80,8,6000,382.5,1907.7188,5961.6211,211.896,186.321,2457.5186,1.725492,137.871
5.25,80,8,8000,337.5,1683.2812,5260.2539,211.896,186.321,2457.5186,1.335844,183.8281
5.25,80,10,2000,450.0,2244.375,7013.6719,211.896,186.321,3066.2795,1.971764,45.957
5.25,80,10,4000,427.5,2132.1562,6662.9883,211.896,186.321,3066.2795,1.77694,91.914
5.25,80,10,6000,382.5,1907.7188,5961.6211,211.896,186.321,3066.2795,1.387291,137.871
5.25,80,10,8000,337.5,1683.2812,5260.2539,211.896,186.321,3066.2795,0.997643,183.8281
5.25,100,0,2000,450.0,2244.375,7013.6719,211.896,291.1265,0.0,3.617027,45.957
5.25,100,0,4000,427.5,2132.1562,6662.9883,211.896,291.1265,0.0,3.422203,91.914
5.25,100,0,6000,382.5,1907.7188,5961.6211,211.896,291.1265,0.0,3.032555,137.871
5.25,100,0,8000,337.5,1683.2812,5260.2539,211.896,291.1265,0.0,2.642906,183.8281
5.25,100,2,2000,450.0,2244.375,7013.6719,211.896,291.1265,616.2553,3.274663,45.957
5.25,100,2,4000,427.5,2132.1562,6662.9883,211.896,291.1265,616.2553,3.079839,91.914
5.25,100,2,6000,382.5,1907.7188,5961.6211,211.896,291.1265,616.2553,2.690191,137.871
5.25,100,2,8000,337.5,1683.2812,5260.2539,211.896,291.1265,616.2553,2.300542,183.8281
5.25,100,5,2000,450.0,2244.375,7013.6719,211.896,291.1265,1538.9961,2.76203,45.957
5.25,100,5,4000,427.5,2132.1562,6662.9883,211.896,291.1265,1538.9961,2.567205,91.914
5.25,100,5,6000,382.5,1907.7188,5961.6211,211.896,291.1265,1538.9961,2.177557,137.871
5.25,100,5,8000,337.5,1683.2812,5260.2539,211.896,291.1265,1538.9961,1.787908,183.8281
5.25,100,8,2000,450.0,2244.375,7013.6719,211.896,291.1265,2457.5186,2.251739,45.957
5.25,100,8,4000,427.5,2132.1562,6662.9883,211.896,291.1265,2457.5186,2.056915,91.914
5.25,100,8,6000,382.5,1907.7188,5961.6211,211.896,291.1265,2457.5186,1.667267,137.871
5.25,100,8,8000,337.5,1683.2812,5260.2539,211.896,291.1265,2457.5186,1.277618,183.8281
5.25,100,10,2000,450.0,2244.375,7013.6719,211.896,291.1265,3066.2795,1.913539,45.957
5.25,100,10,4000,427.5,2132.1562,6662.9883,211.896,291.1265,3066.2795,1.718715,91.914
5.25,100,10,6000,382.5,1907.7188,5961.6211,211.896,291.1265,3066.2795,1.329066,137.871
5.25,100,10,8000,337.5,1683.2812,5260.2539,211.896,291.1265,3066.2795,0.939418,183.8281
5.5,20,0,2000,450.0,2351.25,7347.6562,211.896,11.6451,0.0,3.957842,43.8681
5.5,20,0,4000,427.5,2233.6875,6980.2734,211.896,11.6451,0.0,3.75374,87.7361
5.5,20,0,6000,382.5,1998.5625,6245.5078,211.896,11.6451,0.0,3.345537,131.6042
5.5,20,0,8000,337.5,1763.4375,5510.7422,211.896,11.6451,0.0,2.937334,175.4722
5.5,20,2,2000,450.0,2351.25,7347.6562,211.896,11.6451,616.2553,3.615478,43.8681
5.5,20,2,4000,427.5,2233.6875,6980.2734,211.896,11.6451,616.2553,3.411376,87.7361
5.5,20,2,6000,382.5,1998.5625,6245.5078,211.896,11.6451,616.2553,3.003173,131.6042
5.5,20,2,8000,337.5,1763.4375,5510.7422,211.896,11.6451,616.2553,2.59497,175.4722
5.5,20,5,2000,450.0,2351.25,7347.6562,211.896,11.6451,1538.9961,3.102844,43.8681
5.5,20,5,4000,427.5,2233.6875,6980.2734,211.896,11.6451,1538.9961,2.898742,87.7361
5.5,20,5,6000,382.5,1998.5625,6245.5078,211.896,11.6451,1538.9961,2.490539,131.6042
5.5,20,5,8000,337.5,1763.4375,5510.7422,211.896,11.6451,1538.9961,2.082336,175.4722
5.5,20,8,2000,450.0,2351.25,7347.6562,211.896,11.6451,2457.5186,2.592554,43.8681
5.5,20,8,4000,427.5,2233.6875,6980.2734,211.896,11.6451,2457.5186,2.388452,87.7361
5.5,20,8,6000,382.5,1998.5625,6245.5078,211.896,11.6451,2457.5186,1.980249,131.6042
5.5,20,8,8000,337.5,1763.4375,5510.7422,211.896,11.6451,2457.5186,1.572046,175.4722
5.5,20,10,2000,450.0,2351.25,7347.6562,211.896,11.6451,3066.2795,2.254353,43.8681
5.5,20,10,4000,427.5,2233.6875,6980.2734,211.896,11.6451,3066.2795,2.050252,87.7361
5.5,20,10,6000,382.5,1998.5625,6245.5078,211.896,11.6451,3066.2795,1.642048,131.6042
5.5,20,10,8000,337.5,1763.4375,5510.7422,211.896,11.6451,3066.2795,1.233845,175.4722
5.5,40,0,2000,450.0,2351.25,7347.6562,211.896,46.5802,0.0,3.938433,43.8681
5.5,40,0,4000,427.5,2233.6875,6980.2734,211.896,46.5802,0.0,3.734332,87.7361
5.5,40,0,6000,382.5,1998.5625,6245.5078,211.896,46.5802,0.0,3.326129,131.6042
5.5,40,0,8000,337.5,1763.4375,5510.7422,211.896,46.5802,0.0,2.917926,175.4722
5.5,40,2,2000,450.0,2351.25,7347.6562,211.896,46.5802,616.2553,3.596069,43.8681
5.5,40,2,4000,427.5,2233.6875,6980.2734,211.896,46.5802,616.2553,3.391968,87.7361
5.5,40,2,6000,382.5,1998.5625,6245.5078,211.896,46.5802,616.2553,2.983765,131.6042
5.5,40,2,8000,337.5,1763.4375,5510.7422,211.896,46.5802,616.2553,2.575561,175.4722
5.5,40,5,2000,450.0,2351.25,7347.6562,211.896,46.5802,1538.9961,3.083435,43.8681
5.5,40,5,4000,427.5,2233.6875,6980.2734,211.896,46.5802,1538.9961,2.879334,87.7361
5.5,40,5,6000,382.5,1998.5625,6245.5078,211.896,46.5802,1538.9961,2.471131,131.6042
5.5,40,5,8000,337.5,1763.4375,5510.7422,211.896,46.5802,1538.9961,2.062928,175.4722
5.5,40,8,2000,450.0,2351.25,7347.6562,211.896,46.5802,2457.5186,2.573145,43.8681
5.5,40,8,4000,427.5,2233.6875,6980.2734,211.896,46.5802,2457.5186,2.369044,87.7361
5.5,40,8,6000,382.5,1998.5625,6245.5078,211.896,46.5802,2457.5186,1.960841,131.6042
5.5,40,8,8000,337.5,1763.4375,5510.7422,211.896,46.5802,2457.5186,1.552637,175.4722
5.5,40,10,2000,450.0,2351.25,7347.6562,211.896,46.5802,3066.2795,2.234945,43.8681
5.5,40,10,4000,427.5,2233.6875,6980.2734,211.896,46.5802,3066.2795,2.030843,87.7361
5.5,40,10,6000,382.5,1998.5625,6245.5078,211.896,46.5802,3066.2795,1.62264,131.6042
5.5,40,10,8000,337.5,1763.4375,5510.7422,211.896,46.5802,3066.2795,1.214437,175.4722
5.5,60,0,2000,450.0,2351.25,7347.6562,211.896,104.8056,0.0,3.906086,43.8681
5.5,60,0,4000,427.5,2233.6875,6980.2734,211.896,104.8056,0.0,3.701984,87.7361
5.5,60,0,6000,382.5,1998.5625,6245.5078,211.896,104.8056,0.0,3.293781,131.6042
5.5,60,0,8000,337.5,1763.4375,5510.7422,211.896,104.8056,0.0,2.885578,175.4722
5.5,60,2,2000,450.0,2351.25,7347.6562,211.896,104.8056,616.2553,3.563722,43.8681
5.5,60,2,4000,427.5,2233.6875,6980.2734,211.896,104.8056,616.2553,3.35962,87.7361
5.5,60,2,6000,382.5,1998.5625,6245.5078,211.896,104.8056,616.2553,2.951417,131.6042
5.5,60,2,8000,337.5,1763.4375,5510.7422,211.896,104.8056,616.2553,2.543214,175.4722
5.5,60,5,2000,450.0,2351.25,7347.6562,211.896,104.8056,1538.9961,3.051088,43.8681
5.5,60,5,4000,427.5,2233.6875,6980.2734,211.896,104.8056,1538.9961,2.846987,87.7361
5.5,60,5,6000,382.5,1998.5625,6245.5078,211.896,104.8056,1538.9961,2.438783,131.6042
5.5,60,5,8000,337.5,1763.4375,5510.7422,211.896,104.8056,1538.9961,2.03058,175.4722
5.5,60,8,2000,450.0,2351.25,7347.6562,211.896,104.8056,2457.5186,2.540798,43.8681
5.5,60,8,4000,427.5,2233.6875,6980.2734,211.896,104.8056,2457.5186,2.336696,87.7361
5.5,60,8,6000,382.5,1998.5625,6245.5078,211.896,104.8056,2457.5186,1.928493,131.6042
5.5,60,8,8000,337.5,1763.4375,5510.7422,211.896,104.8056,2457.5186,1.52029,175.4722
5.5,60,10,2000,450.0,2351.25,7347.6562,211.896,104.8056,3066.2795,2.202597,43.8681
5.5,60,10,4000,427.5,2233.6875,6980.2734,211.896,104.8056,3066.2795,1.998496,87.7361
5.5,60,10,6000,382.5,1998.5625,6245.5078,211.896,104.8056,3066.2795,1.590293,131.6042
5.5,60,10,8000,337.5,1763.4375,5510.7422,211.896,104.8056,3066.2795,1.18209,175.4722
5.5,80,0,2000,450.0,2351.25,7347.6562,211.896,186.321,0.0,3.8608,43.8681
5.5,80,0,4000,427.5,2233.6875,6980.2734,211.896,186.321,0.0,3.656698,87.7361
5.5,80,0,6000,382.5,1998.5625,6245.5078,211.896,186.321,0.0,3.248495,131.6042
5.5,80,0,8000,337.5,1763.4375,5510.7422,211.896,186.321,0.0,2.840292,175.4722
5.5,80,2,2000,450.0,2351.25,7347.6562,211.896,186.321,616.2553,3.518436,43.8681
5.5,80,2,4000,427.5,2233.6875,6980.2734,211.896,186.321,616.2553,3.314334,87.7361
5.5,80,2,6000,382.5,1998.5625,6245.5078,211.896,186.321,616.2553,2.906131,131.6042
5.5,80,2,8000,337.5,1763.4375,5510.7422,211.896,186.321,616.2553,2.497928,175.4722
5.5,80,5,2000,450.0,2351.25,7347.6562,211.896,186.321,1538.9961,3.005802,43.8681
5.5,80,5,4000,427.5,2233.6875,6980.2734,211.896,186.321,1538.9961,2.8017,87.7361
5.5,80,5,6000,382.5,1998.5625,6245.5078,211.896,186.321,1538.9961,2.393497,131.6042
5.5,80,5,8000,337.5,1763.4375,5510.7422,211.896,186.321,1538.9961,1.985294,175.4722
5.5,80,8,2000,450.0,2351.25,7347.6562,211.896,186.321,2457.5186,2.495511,43.8681
5.5,80,8,4000,427.5,2233.6875,6980.2734,211.896,186.321,2457.5186,2.29141,87.7361
5.5,80,8,6000,382.5,1998.5625,6245.5078,211.896,186.321,2457.5186,1.883207,131.6042
5.5,80,8,8000,337.5,1763.4375,5510.7422,211.896,186.321,2457.5186,1.475004,175.4722
5.5,80,10,2000,450.0,2351.25,7347.6562,211.896,186.321,3066.2795,2.157311,43.8681
5.5,80,10,4000,427.5,2233.6875,6980.2734,211.896,186.321,3066.2795,1.953209,87.7361
5.5,80,10,6000,382.5,1998.5625,6245.5078,211.896,186.321,3066.2795,1.545006,131.6042
5.5,80,10,8000,337.5,1763.4375,5510.7422,211.896,186.321,3066.2795,1.136803,175.4722
5.5,100,0,2000,450.0,2351.25,7347.6562,211.896,291.1265,0.0,3.802574,43.8681
5.5,100,0,4000,427.5,2233.6875,6980.2734,211.896,291.1265,0.0,3.598473,87.7361
5.5,100,0,6000,382.5,1998.5625,6245.5078,211.896,291.1265,0.0,3.19027,131.6042
5.5,100,0,8000,337.5,1763.4375,5510.7422,211.896,291.1265,0.0,2.782066,175.4722
5.5,100,2,2000,450.0,2351.25,7347.6562,211.896,291.1265,616.2553,3.46021,43.8681
5.5,100,2,4000,427.5,2233.6875,6980.2734,211.896,291.1265,616.2553,3.256109,87.7361
5.5,100,2,6000,382.5,1998.5625,6245.5078,211.896,291.1265,616.2553,2.847906,131.6042
5.5,100,2,8000,337.5,1763.4375,5510.7422,211.896,291.1265,616.2553,2.439702,175.4722
5.5,100,5,2000,450.0,2351.25,7347.6562,211.896,291.1265,1538.9961,2.947576,43.8681
5.5,100,5,4000,427.5,2233.6875,6980.2734,211.896,291.1265,1538.9961,2.743475,87.7361
5.5,100,5,6000,382.5,1998.5625,6245.5078,211.896,291.1265,1538.9961,2.335272,131.6042
5.5,100,5,8000,337.5,1763.4375,5510.7422,211.896,291.1265,1538.9961,1.927069,175.4722
5.5,100,8,2000,450.0,2351.25,7347.6562,211.896,291.1265,2457.5186,2.437286,43.8681
5.5,100,8,4000,427.5,2233.6875,6980.2734,211.896,291.1265,2457.5186,2.233185,87.7361
5.5,100,8,6000,382.5,1998.5625,6245.5078,211.896,291.1265,2457.5186,1.824981,131.6042
5.5,100,8,8000,337.5,1763.4375,5510.7422,211.896,291.1265,2457.5186,1.416778,175.4722
5.5,100,10,2000,450.0,2351.25,7347.6562,211.896,291.1265,3066.2795,2.099086,43.8681
5.5,100,10,4000,427.5,2233.6875,6980.2734,211.896,291.1265,3066.2795,1.894984,87.7361
5.5,100,10,6000,382.5,1998.5625,6245.5078,211.896,291.1265,3066.2795,1.486781,131.6042
5.5,100,10,8000,337.5,1763.4375,5510.7422,211.896,291.1265,3066.2795,1.078578,175.4722
5.75,20,0,2000,450.0,2458.125,7681.6406,211.896,11.6451,0.0,4.143389,41.9608
5.75,20,0,4000,427.5,2335.2188,7297.5586,211.896,11.6451,0.0,3.93001,83.9215
5.75,20,0,6000,382.5,2089.4062,6529.3945,211.896,11.6451,0.0,3.503252,125.8823
5.75,20,0,8000,337.5,1843.5938,5761.2305,211.896,11.6451,0.0,3.076494,167.843
5.75,20,2,2000,450.0,2458.125,7681.6406,211.896,11.6451,616.2553,3.801025,41.9608
5.75,20,2,4000,427.5,2335.2188,7297.5586,211.896,11.6451,616.2553,3.587646,83.9215
5.75,20,2,6000,382.5,2089.4062,6529.3945,211.896,11.6451,616.2553,3.160888,125.8823
5.75,20,2,8000,337.5,1843.5938,5761.2305,211.896,11.6451,616.2553,2.73413,167.843
5.75,20,5,2000,450.0,2458.125,7681.6406,211.896,11.6451,1538.9961,3.288391,41.9608
5.75,20,5,4000,427.5,2335.2188,7297.5586,211.896,11.6451,1538.9961,3.075012,83.9215
5.75,20,5,6000,382.5,2089.4062,6529.3945,211.896,11.6451,1538.9961,2.648254,125.8823
5.75,20,5,8000,337.5,1843.5938,5761.2305,211.896,11.6451,1538.9961,2.221496,167.843
5.75,20,8,2000,450.0,2458.125,7681.6406,211.896,11.6451,2457.5186,2.778101,41.9608
5.75,20,8,4000,427.5,2335.2188,7297.5586,211.896,11.6451,2457.5186,2.564722,83.9215
5.75,20,8,6000,382.5,2089.4062,6529.3945,211.896,11.6451,2457.5186,2.137964,125.8823
5.75,20,8,8000,337.5,1843.5938,5761.2305,211.896,11.6451,2457.5186,1.711206,167.843
5.75,20,10,2000,450.0,2458.125,7681.6406,211.896,11.6451,3066.2795,2.4399,41.9608
5.75,20,10,4000,427.5,2335.2188,7297.5586,211.896,11.6451,3066.2795,2.226521,83.9215
5.75,20,10,6000,382.5,2089.4062,6529.3945,211.896,11.6451,3066.2795,1.799763,125.8823
5.75,20,10,8000,337.5,1843.5938,5761.2305,211.896,11.6451,3066.2795,1.373005,167.843
5.75,40,0,2000,450.0,2458.125,7681.6406,211.896,46.5802,0.0,4.12398,41.9608
5.75,40,0,4000,427.5,2335.2188,7297.5586,211.896,46.5802,0.0,3.910601,83.9215
5.75,40,0,6000,382.5,2089.4062,6529.3945,211.896,46.5802,0.0,3.483843,125.8823
5.75,40,0,8000,337.5,1843.5938,5761.2305,211.896,46.5802,0.0,3.057086,167.843
5.75,40,2,2000,450.0,2458.125,7681.6406,211.896,46.5802,616.2553,3.781616,41.9608
5.75,40,2,4000,427.5,2335.2188,7297.5586,211.896,46.5802,616.2553,3.568237,83.9215
5.75,40,2,6000,382.5,2089.4062,6529.3945,211.896,46.5802,616.2553,3.141479,125.8823
5.75,40,2,8000,337.5,1843.5938,5761.2305,211.896,46.5802,616.2553,2.714722,167.843
5.75,40,5,2000,450.0,2458.125,7681.6406,211.896,46.5802,1538.9961,3.268982,41.9608
5.75,40,5,4000,427.5,2335.2188,7297.5586,211.896,46.5802,1538.9961,3.055603,83.9215
5.75,40,5,6000,382.5,2089.4062,6529.3945,211.896,46.5802,1538.9961,2.628846,125.8823
5.75,40,5,8000,337.5,1843.5938,5761.2305,211.896,46.5802,1538.9961,2.202088,167.843
5.75,40,8,2000,450.0,2458.125,7681.6406,211.896,46.5802,2457.5186,2.758692,41.9608
5.75,40,8,4000,427.5,2335.2188,7297.5586,211.896,46.5802,2457.5186,2.545313,83.9215
5.75,40,8,6000,382.5,2089.4062,6529.3945,211.896,46.5802,2457.5186,2.118555,125.8823
5.75,40,8,8000,337.5,1843.5938,5761.2305,211.896,46.5802,2457.5186,1.691798,167.843
5.75,40,10,2000,450.0,2458.125,7681.6406,211.896,46.5802,3066.2795,2.420492,41.9608
5.75,40,10,4000,427.5,2335.2188,7297.5586,211.896,46.5802,3066.2795,2.207113,83.9215
5.75,40,10,6000,382.5,2089.4062,6529.3945,211.896,46.5802,3066.2795,1.780355,125.8823
5.75,40,10,8000,337.5,1843.5938,5761.2305,211.896,46.5802,3066.2795,1.353597,167.843
5.75,60,0,2000,450.0,2458.125,7681.6406,211.896,104.8056,0.0,4.091633,41.9608
5.75,60,0,4000,427.5,2335.2188,7297.5586,211.896,104.8056,0.0,3.878254,83.9215
5.75,60,0,6000,382.5,2089.4062,6529.3945,211.896,104.8056,0.0,3.451496,125.8823
5.75,60,0,8000,337.5,1843.5938,5761.2305,211.896,104.8056,0.0,3.024738,167.843
5.75,60,2,2000,450.0,2458.125,7681.6406,211.896,104.8056,616.2553,3.749269,41.9608
5.75,60,2,4000,427.5,2335.2188,7297.5586,211.896,104.8056,616.2553,3.53589,83.9215
5.75,60,2,6000,382.5,2089.4062,6529.3945,211.896,104.8056,616.2553,3.109132,125.8823
5.75,60,2,8000,337.5,1843.5938,5761.2305,211.896,104.8056,616.2553,2.682374,167.843
5.75,60,5,2000,450.0,2458.125,7681.6406,211.896,104.8056,1538.9961,3.236635,41.9608
5.75,60,5,4000,427.5,2335.2188,7297.5586,211.896,104.8056,1538.9961,3.023256,83.9215
5.75,60,5,6000,382.5,2089.4062,6529.3945,211.896,104.8056,1538.9961,2.596498,125.8823
5.75,60,5,8000,337.5,1843.5938,5761.2305,211.896,104.8056,1538.9961,2.16974,167.843
5.75,60,8,2000,450.0,2458.125,7681.6406,211.896,104.8056,2457.5186,2.726345,41.9608
5.75,60,8,4000,427.5,2335.2188,7297.5586,211.896,104.8056,2457.5186,2.512966,83.9215
5.75,60,8,6000,382.5,2089.4062,6529.3945,211.896,104.8056,2457.5186,2.086208,125.8823
5.75,60,8,8000,337.5,1843.5938,5761.2305,211.896,104.8056,2457.5186,1.65945,167.843
5.75,60,10,2000,450.0,2458.125,7681.6406,211.896,104.8056,3066.2795,2.388144,41.9608
5.75,60,10,4000,427.5,2335.2188,7297.5586,211.896,104.8056,3066.2795,2.174765,83.9215
5.75,60,10,6000,382.5,2089.4062,6529.3945,211.896,104.8056,3066.2795,1.748007,125.8823
5.75,60,10,8000,337.5,1843.5938,5761.2305,211.896,104.8056,3066.2795,1.32125,167.843
5.75,80,0,2000,450.0,2458.125,7681.6406,211.896,186.321,0.0,4.046346,41.9608
5.75,80,0,4000,427.5,2335.2188,7297.5586,211.896,186.321,0.0,3.832968,83.9215
5.75,80,0,6000,382.5,2089.4062,6529.3945,211.896,186.321,0.0,3.40621,125.8823
5.75,80,0,8000,337.5,1843.5938,5761.2305,211.896,186.321,0.0,2.979452,167.843
5.75,80,2,2000,450.0,2458.125,7681.6406,211.896,186.321,616.2553,3.703982,41.9608
5.75,80,2,4000,427.5,2335.2188,7297.5586,211.896,186.321,616.2553,3.490603,83.9215
5.75,80,2,6000,382.5,2089.4062,6529.3945,211.896,186.321,616.2553,3.063846,125.8823
5.75,80,2,8000,337.5,1843.5938,5761.2305,211.896,186.321,616.2553,2.637088,167.843
5.75,80,5,2000,450.0,2458.125,7681.6406,211.896,186.321,1538.9961,3.191349,41.9608
5.75,80,5,4000,427.5,2335.2188,7297.5586,211.896,186.321,1538.9961,2.97797,83.9215
5.75,80,5,6000,382.5,2089.4062,6529.3945,211.896,186.321,1538.9961,2.551212,125.8823
5.75,80,5,8000,337.5,1843.5938,5761.2305,211.896,186.321,1538.9961,2.124454,167.843
5.75,80,8,2000,450.0,2458.125,7681.6406,211.896,186.321,2457.5186,2.681058,41.9608
5.75,80,8,4000,427.5,2335.2188,7297.5586,211.896,186.321,2457.5186,2.467679,83.9215
5.75,80,8,6000,382.5,2089.4062,6529.3945,211.896,186.321,2457.5186,2.040922,125.8823
5.75,80,8,8000,337.5,1843.5938,5761.2305,211.896,186.321,2457.5186,1.614164,167.843
5.75,80,10,2000,450.0,2458.125,7681.6406,211.896,186.321,3066.2795,2.342858,41.9608
5.75,80,10,4000,427.5,2335.2188,7297.5586,211.896,186.321,3066.2795,2.129479,83.9215
5.75,80,10,6000,382.5,2089.4062,6529.3945,211.896,186.321,3066.2795,1.702721,125.8823
5.75,80,10,8000,337.5,1843.5938,5761.2305,211.896,186.321,3066.2795,1.275963,167.843
5.75,100,0,2000,450.0,2458.125,7681.6406,211.896,291.1265,0.0,3.988121,41.9608
5.75,100,0,4000,427.5,2335.2188,7297.5586,211.896,291.1265,0.0,3.774742,83.9215
5.75,100,0,6000,382.5,2089.4062,6529.3945,211.896,291.1265,0.0,3.347984,125.8823
5.75,100,0,8000,337.5,1843.5938,5761.2305,211.896,291.1265,0.0,2.921227,167.843
5.75,100,2,2000,450.0,2458.125,7681.6406,211.896,291.1265,616.2553,3.645757,41.9608
5.75,100,2,4000,427.5,2335.2188,7297.5586,211.896,291.1265,616.2553,3.432378,83.9215
5.75,100,2,6000,382.5,2089.4062,6529.3945,211.896,291.1265,616.2553,3.00562,125.8823
5.75,100,2,8000,337.5,1843.5938,5761.2305,211.896,291.1265,616.2553,2.578863,167.843
5.75,100,5,2000,450.0,2458.125,7681.6406,211.896,291.1265,1538.9961,3.133123,41.9608
5.75,100,5,4000,427.5,2335.2188,7297.5586,211.896,291.1265,1538.9961,2.919744,83.9215
5.75,100,5,6000,382.5,2089.4062,6529.3945,211.896,291.1265,1538.9961,2.492987,125.8823
5.75,100,5,8000,337.5,1843.5938,5761.2305,211.896,291.1265,1538.9961,2.066229,167.843
5.75,100,8,2000,450.0,2458.125,7681.6406,211.896,291.1265,2457.5186,2.622833,41.9608
5.75,100,8,4000,427.5,2335.2188,7297.5586,211.896,291.1265,2457.5186,2.409454,83.9215
5.75,100,8,6000,382.5,2089.4062,6529.3945,211.896,291.1265,2457.5186,1.982696,125.8823
5.75,100,8,8000,337.5,1843.5938,5761.2305,211.896,291.1265,2457.5186,1.555939,167.843
5.75,100,10,2000,450.0,2458.125,7681.6406,211.896,291.1265,3066.2795,2.284633,41.9608
5.75,100,10,4000,427.5,2335.2188,7297.5586,211.896,291.1265,3066.2795,2.071254,83.9215
5.75,100,10,6000,382.5,2089.4062,6529.3945,211.896,291.1265,3066.2795,1.644496,125.8823
5.75,100,10,8000,337.5,1843.5938,5761.2305,211.896,291.1265,3066.2795,1.217738,167.843
6.0,20,0,2000,450.0,2565.0,8015.625,211.896,11.6451,0.0,4.328936,40.2124
6.0,20,0,4000,427.5,2436.75,7614.8438,211.896,11.6451,0.0,4.106279,80.4248
6.0,20,0,6000,382.5,2180.25,6813.2812,211.896,11.6451,0.0,3.660967,120.6372
6.0,20,0,8000,337.5,1923.75,6011.7188,211.896,11.6451,0.0,3.215654,160.8495
6.0,20,2,2000,450.0,2565.0,8015.625,211.896,11.6451,616.2553,3.986571,40.2124
6.0,20,2,4000,427.5,2436.75,7614.8438,211.896,11.6451,616.2553,3.763915,80.4248
6.0,20,2,6000,382.5,2180.25,6813.2812,211.896,11.6451,616.2553,3.318603,120.6372
6.0,20,2,8000,337.5,1923.75,6011.7188,211.896,11.6451,616.2553,2.87329,160.8495
6.0,20,5,2000,450.0,2565.0,8015.625,211.896,11.6451,1538.9961,3.473938,40.2124
6.0,20,5,4000,427.5,2436.75,7614.8438,211.896,11.6451,1538.9961,3.251281,80.4248
6.0,20,5,6000,382.5,2180.25,6813.2812,211.896,11.6451,1538.9961,2.805969,120.6372
6.0,20,5,8000,337.5,1923.75,6011.7188,211.896,11.6451,1538.9961,2.360656,160.8495
6.0,20,8,2000,450.0,2565.0,8015.625,211.896,11.6451,2457.5186,2.963647,40.2124
6.0,20,8,4000,427.5,2436.75,7614.8438,211.896,11.6451,2457.5186,2.740991,80.4248
6.0,20,8,6000,382.5,2180.25,6813.2812,211.896,11.6451,2457.5186,2.295679,120.6372
6.0,20,8,8000,337.5,1923.75,6011.7188,211.896,11.6451,2457.5186,1.850366,160.8495
6.0,20,10,2000,450.0,2565.0,8015.625,211.896,11.6451,3066.2795,2.625447,40.2124
6.0,20,10,4000,427.5,2436.75,7614.8438,211.896,11.6451,3066.2795,2.402791,80.4248
6.0,20,10,6000,382.5,2180.25,6813.2812,211.896,11.6451,3066.2795,1.957478,120.6372
6.0,20,10,8000,337.5,1923.75,6011.7188,211.896,11.6451,3066.2795,1.512166,160.8495
6.0,40,0,2000,450.0,2565.0,8015.625,211.896,46.5802,0.0,4.309527,40.2124
6.0,40,0,4000,427.5,2436.75,7614.8438,211.896,46.5802,0.0,4.086871,80.4248
6.0,40,0,6000,382.5,2180.25,6813.2812,211.896,46.5802,0.0,3.641558,120.6372
6.0,40,0,8000,337.5,1923.75,6011.7188,211.896,46.5802,0.0,3.196246,160.8495
6.0,40,2,2000,450.0,2565.0,8015.625,211.896,46.5802,616.2553,3.967163,40.2124
6.0,40,2,4000,427.5,2436.75,7614.8438,211.896,46.5802,616.2553,3.744507,80.4248
6.0,40,2,6000,382.5,2180.25,6813.2812,211.896,46.5802,616.2553,3.299194,120.6372
6.0,40,2,8000,337.5,1923.75,6011.7188,211.896,46.5802,616.2553,2.853882,160.8495
6.0,40,5,2000,450.0,2565.0,8015.625,211.896,46.5802,1538.9961,3.454529,40.2124
6.0,40,5,4000,427.5,2436.75,7614.8438,211.896,46.5802,1538.9961,3.231873,80.4248
6.0,40,5,6000,382.5,2180.25,6813.2812,211.896,46.5802,1538.9961,2.78656,120.6372
6.0,40,5,8000,337.5,1923.75,6011.7188,211.896,46.5802,1538.9961,2.341248,160.8495
6.0,40,8,2000,450.0,2565.0,8015.625,211.896,46.5802,2457.5186,2.944239,40.2124
6.0,40,8,4000,427.5,2436.75,7614.8438,211.896,46.5802,2457.5186,2.721583,80.4248
6.0,40,8,6000,382.5,2180.25,6813.2812,211.896,46.5802,2457.5186,2.27627,120.6372
6.0,40,8,8000,337.5,1923.75,6011.7188,211.896,46.5802,2457.5186,1.830958,160.8495
6.0,40,10,2000,450.0,2565.0,8015.625,211.896,46.5802,3066.2795,2.606038,40.2124
6.0,40,10,4000,427.5,2436.75,7614.8438,211.896,46.5802,3066.2795,2.383382,80.4248
6.0,40,10,6000,382.5,2180.25,6813.2812,211.896,46.5802,3066.2795,1.93807,120.6372
6.0,40,10,8000,337.5,1923.75,6011.7188,211.896,46.5802,3066.2795,1.492757,160.8495
6.0,60,0,2000,450.0,2565.0,8015.625,211.896,104.8056,0.0,4.27718,40.2124
6.0,60,0,4000,427.5,2436.75,7614.8438,211.896,104.8056,0.0,4.054523,80.4248
6.0,60,0,6000,382.5,2180.25,6813.2812,211.896,104.8056,0.0,3.609211,120.6372
6.0,60,0,8000,337.5,1923.75,6011.7188,211.896,104.8056,0.0,3.163898,160.8495
6.0,60,2,2000,450.0,2565.0,8015.625,211.896,104.8056,616.2553,3.934816,40.2124
6.0,60,2,4000,427.5,2436.75,7614.8438,211.896,104.8056,616.2553,3.712159,80.4248
6.0,60,2,6000,382.5,2180.25,6813.2812,211.896,104.8056,616.2553,3.266847,120.6372
6.0,60,2,8000,337.5,1923.75,6011.7188,211.896,104.8056,616.2553,2.821534,160.8495
6.0,60,5,2000,450.0,2565.0,8015.625,211.896,104.8056,1538.9961,3.422182,40.2124
6.0,60,5,4000,427.5,2436.75,7614.8438,211.896,104.8056,1538.9961,3.199526,80.4248
6.0,60,5,6000,382.5,2180.25,6813.2812,211.896,104.8056,1538.9961,2.754213,120.6372
6.0,60,5,8000,337.5,1923.75,6011.7188,211.896,104.8056,1538.9961,2.308901,160.8495
6.0,60,8,2000,450.0,2565.0,8015.625,211.896,104.8056,2457.5186,2.911892,40.2124
6.0,60,8,4000,427.5,2436.75,7614.8438,211.896,104.8056,2457.5186,2.689235,80.4248
6.0,60,8,6000,382.5,2180.25,6813.2812,211.896,104.8056,2457.5186,2.243923,120.6372
6.0,60,8,8000,337.5,1923.75,6011.7188,211.896,104.8056,2457.5186,1.79861,160.8495
6.0,60,10,2000,450.0,2565.0,8015.625,211.896,104.8056,3066.2795,2.573691,40.2124
6.0,60,10,4000,427.5,2436.75,7614.8438,211.896,104.8056,3066.2795,2.351035,80.4248
6.0,60,10,6000,382.5,2180.25,6813.2812,211.896,104.8056,3066.2795,1.905722,120.6372
6.0,60,10,8000,337.5,1923.75,6011.7188,211.896,104.8056,3066.2795,1.46041,160.8495
6.0,80,0,2000,450.0,2565.0,8015.625,211.896,186.321,0.0,4.231893,40.2124
6.0,80,0,4000,427.5,2436.75,7614.8438,211.896,186.321,0.0,4.009237,80.4248
6.0,80,0,6000,382.5,2180.25,6813.2812,211.896,186.321,0.0,3.563925,120.6372
6.0,80,0,8000,337.5,1923.75,6011.7188,211.896,186.321,0.0,3.118612,160.8495
6.0,80,2,2000,450.0,2565.0,8015.625,211.896,186.321,616.2553,3.889529,40.2124
6.0,80,2,4000,427.5,2436.75,7614.8438,211.896,186.321,616.2553,3.666873,80.4248
6.0,80,2,6000,382.5,2180.25,6813.2812,211.896,186.321,616.2553,3.221561,120.6372
6.0,80,2,8000,337.5,1923.75,6011.7188,211.896,186.321,616.2553,2.776248,160.8495
6.0,80,5,2000,450.0,2565.0,8015.625,211.896,186.321,1538.9961,3.376896,40.2124
6.0,80,5,4000,427.5,2436.75,7614.8438,211.896,186.321,1538.9961,3.154239,80.4248
6.0,80,5,6000,382.5,2180.25,6813.2812,211.896,186.321,1538.9961,2.708927,120.6372
6.0,80,5,8000,337.5,1923.75,6011.7188,211.896,186.321,1538.9961,2.263614,160.8495
6.0,80,8,2000,450.0,2565.0,8015.625,211.896,186.321,2457.5186,2.866605,40.2124
6.0,80,8,4000,427.5,2436.75,7614.8438,211.896,186.321,2457.5186,2.643949,80.4248
6.0,80,8,6000,382.5,2180.25,6813.2812,211.896,186.321,2457.5186,2.198636,120.6372
6.0,80,8,8000,337.5,1923.75,6011.7188,211.896,186.321,2457.5186,1.753324,160.8495
6.0,80,10,2000,450.0,2565.0,8015.625,211.896,186.321,3066.2795,2.528405,40.2124
6.0,80,10,4000,427.5,2436.75,7614.8438,211.896,186.321,3066.2795,2.305748,80.4248
6.0,80,10,6000,382.5,2180.25,6813.2812,211.896,186.321,3066.2795,1.860436,120.6372
6.0,80,10,8000,337.5,1923.75,6011.7188,211.896,186.321,3066.2795,1.415123,160.8495
6.0,100,0,2000,450.0,2565.0,8015.625,211.896,291.1265,0.0,4.173668,40.2124
6.0,100,0,4000,427.5,2436.75,7614.8438,211.896,291.1265,0.0,3.951012,80.4248
6.0,100,0,6000,382.5,2180.25,6813.2812,211.896,291.1265,0.0,3.505699,120.6372
6.0,100,0,8000,337.5,1923.75,6011.7188,211.896,291.1265,0.0,3.060387,160.8495
6.0,100,2,2000,450.0,2565.0,8015.625,211.896,291.1265,616.2553,3.831304,40.2124
6.0,100,2,4000,427.5,2436.75,7614.8438,211.896,291.1265,616.2553,3.608648,80.4248
6.0,100,2,6000,382.5,2180.25,6813.2812,211.896,291.1265,616.2553,3.163335,120.6372
6.0,100,2,8000,337.5,1923.75,6011.7188,211.896,291.1265,616.2553,2.718023,160.8495
6.0,100,5,2000,450.0,2565.0,8015.625,211.896,291.1265,1538.9961,3.31867,40.2124
6.0,100,5,4000,427.5,2436.75,7614.8438,211.896,291.1265,1538.9961,3.096014,80.4248
6.0,100,5,6000,382.5,2180.25,6813.2812,211.896,291.1265,1538.9961,2.650701,120.6372
6.0,100,5,8000,337.5,1923.75,6011.7188,211.896,291.1265,1538.9961,2.205389,160.8495
6.0,100,8,2000,450.0,2565.0,8015.625,211.896,291.1265,2457.5186,2.80838,40.2124
6.0,100,8,4000,427.5,2436.75,7614.8438,211.896,291.1265,2457.5186,2.585724,80.4248
6.0,100,8,6000,382.5,2180.25,6813.2812,211.896,291.1265,2457.5186,2.140411,120.6372
6.0,100,8,8000,337.5,1923.75,6011.7188,211.896,291.1265,2457.5186,1.695099,160.8495
6.0,100,10,2000,450.0,2565.0,8015.625,211.896,291.1265,3066.2795,2.470179,40.2124
6.0,100,10,4000,427.5,2436.75,7614.8438,211.896,291.1265,3066.2795,2.247523,80.4248
6.0,100,10,6000,382.5,2180.25,6813.2812,211.896,291.1265,3066.2795,1.802211,120.6372
6.0,100,10,8000,337.5,1923.75,6011.7188,211.896,291.1265,3066.2795,1.356898,160.8495
6.25,20,0,2000,450.0,2671.875,8349.6094,211.896,11.6451,0.0,4.514482,38.6039
6.25,20,0,4000,427.5,2538.2812,7932.1289,211.896,11.6451,0.0,4.282549,77.2078
6.25,20,0,6000,382.5,2271.0938,7097.168,211.896,11.6451,0.0,3.818682,115.8117
6.25,20,0,8000,337.5,2003.9062,6262.207,211.896,11.6451,0.0,3.354814,154.4156
6.25,20,2,2000,450.0,2671.875,8349.6094,211.896,11.6451,616.2553,4.172118,38.6039
6.25,20,2,4000,427.5,2538.2812,7932.1289,211.896,11.6451,616.2553,3.940185,77.2078
6.25,20,2,6000,382.5,2271.0938,7097.168,211.896,11.6451,616.2553,3.476318,115.8117
6.25,20,2,8000,337.5,2003.9062,6262.207,211.896,11.6451,616.2553,3.01245,154.4156
6.25,20,5,2000,450.0,2671.875,8349.6094,211.896,11.6451,1538.9961,3.659485,38.6039
6.25,20,5,4000,427.5,2538.2812,7932.1289,211.896,11.6451,1538.9961,3.427551,77.2078
6.25,20,5,6000,382.5,2271.0938,7097.168,211.896,11.6451,1538.9961,2.963684,115.8117
6.25,20,5,8000,337.5,2003.9062,6262.207,211.896,11.6451,1538.9961,2.499817,154.4156
6.25,20,8,2000,450.0,2671.875,8349.6094,211.896,11.6451,2457.5186,3.149194,38.6039
6.25,20,8,4000,427.5,2538.2812,7932.1289,211.896,11.6451,2457.5186,2.917261,77.2078
6.25,20,8,6000,382.5,2271.0938,7097.168,211.896,11.6451,2457.5186,2.453393,115.8117
6.25,20,8,8000,337.5,2003.9062,6262.207,211.896,11.6451,2457.5186,1.989526,154.4156
6.25,20,10,2000,450.0,2671.875,8349.6094,211.896,11.6451,3066.2795,2.810994,38.6039
6.25,20,10,4000,427.5,2538.2812,7932.1289,211.896,11.6451,3066.2795,2.57906,77.2078
6.25,20,10,6000,382.5,2271.0938,7097.168,211.896,11.6451,3066.2795,2.115193,115.8117
6.25,20,10,8000,337.5,2003.9062,6262.207,211.896,11.6451,3066.2795,1.651326,154.4156
6.25,40,0,2000,450.0,2671.875,8349.6094,211.896,46.5802,0.0,4.495074,38.6039
6.25,40,0,4000,427.5,2538.2812,7932.1289,211.896,46.5802,0.0,4.26314,77.2078
6.25,40,0,6000,382.5,2271.0938,7097.168,211.896,46.5802,0.0,3.799273,115.8117
6.25,40,0,8000,337.5,2003.9062,6262.207,211.896,46.5802,0.0,3.335406,154.4156
6.25,40,2,2000,450.0,2671.875,8349.6094,211.896,46.5802,616.2553,4.15271,38.6039
6.25,40,2,4000,427.5,2538.2812,7932.1289,211.896,46.5802,616.2553,3.920776,77.2078
6.25,40,2,6000,382.5,2271.0938,7097.168,211.896,46.5802,616.2553,3.456909,115.8117
6.25,40,2,8000,337.5,2003.9062,6262.207,211.896,46.5802,616.2553,2.993042,154.4156
6.25,40,5,2000,450.0,2671.875,8349.6094,211.896,46.5802,1538.9961,3.640076,38.6039
6.25,40,5,4000,427.5,2538.2812,7932.1289,211.896,46.5802,1538.9961,3.408143,77.2078
6.25,40,5,6000,382.5,2271.0938,7097.168,211.896,46.5802,1538.9961,2.944275,115.8117
6.25,40,5,8000,337.5,2003.9062,6262.207,211.896,46.5802,1538.9961,2.480408,154.4156
6.25,40,8,2000,450.0,2671.875,8349.6094,211.896,46.5802,2457.5186,3.129786,38.6039
6.25,40,8,4000,427.5,2538.2812,7932.1289,211.896,46.5802,2457.5186,2.897852,77.2078
6.25,40,8,6000,382.5,2271.0938,7097.168,211.896,46.5802,2457.5186,2.433985,115.8117
6.25,40,8,8000,337.5,2003.9062,6262.207,211.896,46.5802,2457.5186,1.970118,154.4156
6.25,40,10,2000,450.0,2671.875,8349.6094,211.896,46.5802,3066.2795,2.791585,38.6039
6.25,40,10,4000,427.5,2538.2812,7932.1289,211.896,46.5802,3066.2795,2.559652,77.2078
6.25,40,10,6000,382.5,2271.0938,7097.168,211.896,46.5802,3066.2795,2.095785,115.8117
6.25,40,10,8000,337.5,2003.9062,6262.207,211.896,46.5802,3066.2795,1.631917,154.4156
6.25,60,0,2000,450.0,2671.875,8349.6094,211.896,104.8056,0.0,4.462727,38.6039
6.25,60,0,4000,427.5,2538.2812,7932.1289,211.896,104.8056,0.0,4.230793,77.2078
6.25,60,0,6000,382.5,2271.0938,7097.168,211.896,104.8056,0.0,3.766926,115.8117
6.25,60,0,8000,337.5,2003.9062,6262.207,211.896,104.8056,0.0,3.303059,154.4156
6.25,60,2,2000,450.0,2671.875,8349.6094,211.896,104.8056,616.2553,4.120363,38.6039
6.25,60,2,4000,427.5,2538.2812,7932.1289,211.896,104.8056,616.2553,3.888429,77.2078
6.25,60,2,6000,382.5,2271.0938,7097.168,211.896,104.8056,616.2553,3.424562,115.8117
6.25,60,2,8000,337.5,2003.9062,6262.207,211.896,104.8056,616.2553,2.960695,154.4156
6.25,60,5,2000,450.0,2671.875,8349.6094,211.896,104.8056,1538.9961,3.607729,38.6039
6.25,60,5,4000,427.5,2538.2812,7932.1289,211.896,104.8056,1538.9961,3.375795,77.2078
6.25,60,5,6000,382.5,2271.0938,7097.168,211.896,104.8056,1538.9961,2.911928,115.8117
6.25,60,5,8000,337.5,2003.9062,6262.207,211.896,104.8056,1538.9961,2.448061,154.4156
6.25,60,8,2000,450.0,2671.875,8349.6094,211.896,104.8056,2457.5186,3.097438,38.6039
6.25,60,8,4000,427.5,2538.2812,7932.1289,211.896,104.8056,2457.5186,2.865505,77.2078
6.25,60,8,6000,382.5,2271.0938,7097.168,211.896,104.8056,2457.5186,2.401638,115.8117
6.25,60,8,8000,337.5,2003.9062,6262.207,211.896,104.8056,2457.5186,1.93777,154.4156
6.25,60,10,2000,450.0,2671.875,8349.6094,211.896,104.8056,3066.2795,2.759238,38.6039
6.25,60,10,4000,427.5,2538.2812,7932.1289,211.896,104.8056,3066.2795,2.527304,77.2078
6.25,60,10,6000,382.5,2271.0938,7097.168,211.896,104.8056,3066.2795,2.063437,115.8117
6.25,60,10,8000,337.5,2003.9062,6262.207,211.896,104.8056,3066.2795,1.59957,154.4156
6.25,80,0,2000,450.0,2671.875,8349.6094,211.896,186.321,0.0,4.41744,38.6039
6.25,80,0,4000,427.5,2538.2812,7932.1289,211.896,186.321,0.0,4.185507,77.2078
6.25,80,0,6000,382.5,2271.0938,7097.168,211.896,186.321,0.0,3.721639,115.8117
6.25,80,0,8000,337.5,2003.9062,6262.207,211.896,186.321,0.0,3.257772,154.4156
6.25,80,2,2000,450.0,2671.875,8349.6094,211.896,186.321,616.2553,4.075076,38.6039
6.25,80,2,4000,427.5,2538.2812,7932.1289,211.896,186.321,616.2553,3.843143,77.2078
6.25,80,2,6000,382.5,2271.0938,7097.168,211.896,186.321,616.2553,3.379275,115.8117
6.25,80,2,8000,337.5,2003.9062,6262.207,211.896,186.321,616.2553,2.915408,154.4156
6.25,80,5,2000,450.0,2671.875,8349.6094,211.896,186.321,1538.9961,3.562442,38.6039
6.25,80,5,4000,427.5,2538.2812,7932.1289,211.896,186.321,1538.9961,3.330509,77.2078
6.25,80,5,6000,382.5,2271.0938,7097.168,211.896,186.321,1538.9961,2.866642,115.8117
6.25,80,5,8000,337.5,2003.9062,6262.207,211.896,186.321,1538.9961,2.402774,154.4156
6.25,80,8,2000,450.0,2671.875,8349.6094,211.896,186.321,2457.5186,3.052152,38.6039
6.25,80,8,4000,427.5,2538.2812,7932.1289,211.896,186.321,2457.5186,2.820219,77.2078
6.25,80,8,6000,382.5,2271.0938,7097.168,211.896,186.321,2457.5186,2.356351,115.8117
6.25,80,8,8000,337.5,2003.9062,6262.207,211.896,186.321,2457.5186,1.892484,154.4156
6.25,80,10,2000,450.0,2671.875,8349.6094,211.896,186.321,3066.2795,2.713952,38.6039
6.25,80,10,4000,427.5,2538.2812,7932.1289,211.896,186.321,3066.2795,2.482018,77.2078
6.25,80,10,6000,382.5,2271.0938,7097.168,211.896,186.321,3066.2795,2.018151,115.8117
6.25,80,10,8000,337.5,2003.9062,6262.207,211.896,186.321,3066.2795,1.554284,154.4156
6.25,100,0,2000,450.0,2671.875,8349.6094,211.896,291.1265,0.0,4.359215,38.6039
6.25,100,0,4000,427.5,2538.2812,7932.1289,211.896,291.1265,0.0,4.127281,77.2078
6.25,100,0,6000,382.5,2271.0938,7097.168,211.896,291.1265,0.0,3.663414,115.8117
6.25,100,0,8000,337.5,2003.9062,6262.207,211.896,291.1265,0.0,3.199547,154.4156
6.25,100,2,2000,450.0,2671.875,8349.6094,211.896,291.1265,616.2553,4.016851,38.6039
6.25,100,2,4000,427.5,2538.2812,7932.1289,211.896,291.1265,616.2553,3.784917,77.2078
6.25,100,2,6000,382.5,2271.0938,7097.168,211.896,291.1265,616.2553,3.32105,115.8117
6.25,100,2,8000,337.5,2003.9062,6262.207,211.896,291.1265,616.2553,2.857183,154.4156
6.25,100,5,2000,450.0,2671.875,8349.6094,211.896,291.1265,1538.9961,3.504217,38.6039
6.25,100,5,4000,427.5,2538.2812,7932.1289,211.896,291.1265,1538.9961,3.272283,77.2078
6.25,100,5,6000,382.5,2271.0938,7097.168,211.896,291.1265,1538.9961,2.808416,115.8117
6.25,100,5,8000,337.5,2003.9062,6262.207,211.896,291.1265,1538.9961,2.344549,154.4156
6.25,100,8,2000,450.0,2671.875,8349.6094,211.896,291.1265,2457.5186,2.993927,38.6039
6.25,100,8,4000,427.5,2538.2812,7932.1289,211.896,291.1265,2457.5186,2.761993,77.2078
6.25,100,8,6000,382.5,2271.0938,7097.168,211.896,291.1265,2457.5186,2.298126,115.8117
6.25,100,8,8000,337.5,2003.9062,6262.207,211.896,291.1265,2457.5186,1.834259,154.4156
6.25,100,10,2000,450.0,2671.875,8349.6094,211.896,291.1265,3066.2795,2.655726,38.6039
6.25,100,10,4000,427.5,2538.2812,7932.1289,211.896,291.1265,3066.2795,2.423793,77.2078
6.25,100,10,6000,382.5,2271.0938,7097.168,211.896,291.1265,3066.2795,1.959926,115.8117
6.25,100,10,8000,337.5,2003.9062,6262.207,211.896,291.1265,3066.2795,1.496058,154.4156
6.5,20,0,2000,450.0,2778.75,8683.5938,211.896,11.6451,0.0,4.700029,37.1191
6.5,20,0,4000,427.5,2639.8125,8249.4141,211.896,11.6451,0.0,4.458818,74.2383
6.5,20,0,6000,382.5,2361.9375,7381.0547,211.896,11.6451,0.0,3.976396,111.3574
6.5,20,0,8000,337.5,2084.0625,6512.6953,211.896,11.6451,0.0,3.493975,148.4765
6.5,20,2,2000,450.0,2778.75,8683.5938,211.896,11.6451,616.2553,4.357665,37.1191
6.5,20,2,4000,427.5,2639.8125,8249.4141,211.896,11.6451,616.2553,4.116454,74.2383
6.5,20,2,6000,382.5,2361.9375,7381.0547,211.896,11.6451,616.2553,3.634032,111.3574
6.5,20,2,8000,337.5,2084.0625,6512.6953,211.896,11.6451,616.2553,3.151611,148.4765
6.5,20,5,2000,450.0,2778.75,8683.5938,211.896,11.6451,1538.9961,3.845031,37.1191
6.5,20,5,4000,427.5,2639.8125,8249.4141,211.896,11.6451,1538.9961,3.60382,74.2383
6.5,20,5,6000,382.5,2361.9375,7381.0547,211.896,11.6451,1538.9961,3.121399,111.3574
6.5,20,5,8000,337.5,2084.0625,6512.6953,211.896,11.6451,1538.9961,2.638977,148.4765
6.5,20,8,2000,450.0,2778.75,8683.5938,211.896,11.6451,2457.5186,3.334741,37.1191
6.5,20,8,4000,427.5,2639.8125,8249.4141,211.896,11.6451,2457.5186,3.09353,74.2383
6.5,20,8,6000,382.5,2361.9375,7381.0547,211.896,11.6451,2457.5186,2.611108,111.3574
6.5,20,8,8000,337.5,2084.0625,6512.6953,211.896,11.6451,2457.5186,2.128686,148.4765
6.5,20,10,2000,450.0,2778.75,8683.5938,211.896,11.6451,3066.2795,2.996541,37.1191
6.5,20,10,4000,427.5,2639.8125,8249.4141,211.896,11.6451,3066.2795,2.75533,74.2383
6.5,20,10,6000,382.5,2361.9375,7381.0547,211.896,11.6451,3066.2795,2.272908,111.3574
6.5,20,10,8000,337.5,2084.0625,6512.6953,211.896,11.6451,3066.2795,1.790486,148.4765
6.5,40,0,2000,450.0,2778.75,8683.5938,211.896,46.5802,0.0,4.680621,37.1191
6.5,40,0,4000,427.5,2639.8125,8249.4141,211.896,46.5802,0.0,4.43941,74.2383
6.5,40,0,6000,382.5,2361.9375,7381.0547,211.896,46.5802,0.0,3.956988,111.3574
6.5,40,0,8000,337.5,2084.0625,6512.6953,211.896,46.5802,0.0,3.474566,148.4765
6.5,40,2,2000,450.0,2778.75,8683.5938,211.896,46.5802,616.2553,4.338257,37.1191
6.5,40,2,4000,427.5,2639.8125,8249.4141,211.896,46.5802,616.2553,4.097046,74.2383
6.5,40,2,6000,382.5,2361.9375,7381.0547,211.896,46.5802,616.2553,3.614624,111.3574
6.5,40,2,8000,337.5,2084.0625,6512.6953,211.896,46.5802,616.2553,3.132202,148.4765
6.5,40,5,2000,450.0,2778.75,8683.5938,211.896,46.5802,1538.9961,3.825623,37.1191
6.5,40,5,4000,427.5,2639.8125,8249.4141,211.896,46.5802,1538.9961,3.584412,74.2383
6.5,40,5,6000,382.5,2361.9375,7381.0547,211.896,46.5802,1538.9961,3.10199,111.3574
6.5,40,5,8000,337.5,2084.0625,6512.6953,211.896,46.5802,1538.9961,2.619568,148.4765
6.5,40,8,2000,450.0,2778.75,8683.5938,211.896,46.5802,2457.5186,3.315333,37.1191
6.5,40,8,4000,427.5,2639.8125,8249.4141,211.896,46.5802,2457.5186,3.074122,74.2383
6.5,40,8,6000,382.5,2361.9375,7381.0547,211.896,46.5802,2457.5186,2.5917,111.3574
6.5,40,8,8000,337.5,2084.0625,6512.6953,211.896,46.5802,2457.5186,2.109278,148.4765
6.5,40,10,2000,450.0,2778.75,8683.5938,211.896,46.5802,3066.2795,2.977132,37.1191
6.5,40,10,4000,427.5,2639.8125,8249.4141,211.896,46.5802,3066.2795,2.735921,74.2383
6.5,40,10,6000,382.5,2361.9375,7381.0547,211.896,46.5802,3066.2795,2.253499,111.3574
6.5,40,10,8000,337.5,2084.0625,6512.6953,211.896,46.5802,3066.2795,1.771078,148.4765
6.5,60,0,2000,450.0,2778.75,8683.5938,211.896,104.8056,0.0,4.648273,37.1191
6.5,60,0,4000,427.5,2639.8125,8249.4141,211.896,104.8056,0.0,4.407063,74.2383
6.5,60,0,6000,382.5,2361.9375,7381.0547,211.896,104.8056,0.0,3.924641,111.3574
6.5,60,0,8000,337.5,2084.0625,6512.6953,211.896,104.8056,0.0,3.442219,148.4765
6.5,60,2,2000,450.0,2778.75,8683.5938,211.896,104.8056,616.2553,4.305909,37.1191
6.5,60,2,4000,427.5,2639.8125,8249.4141,211.896,104.8056,616.2553,4.064698,74.2383
6.5,60,2,6000,382.5,2361.9375,7381.0547,211.896,104.8056,616.2553,3.582277,111.3574
6.5,60,2,8000,337.5,2084.0625,6512.6953,211.896,104.8056,616.2553,3.099855,148.4765
6.5,60,5,2000,450.0,2778.75,8683.5938,211.896,104.8056,1538.9961,3.793276,37.1191
6.5,60,5,4000,427.5,2639.8125,8249.4141,211.896,104.8056,1538.9961,3.552065,74.2383
6.5,60,5,6000,382.5,2361.9375,7381.0547,211.896,104.8056,1538.9961,3.069643,111.3574
6.5,60,5,8000,337.5,2084.0625,6512.6953,211.896,104.8056,1538.9961,2.587221,148.4765
6.5,60,8,2000,450.0,2778.75,8683.5938,211.896,104.8056,2457.5186,3.282985,37.1191
6.5,60,8,4000,427.5,2639.8125,8249.4141,211.896,104.8056,2457.5186,3.041774,74.2383
6.5,60,8,6000,382.5,2361.9375,7381.0547,211.896,104.8056,2457.5186,2.559353,111.3574
6.5,60,8,8000,337.5,2084.0625,6512.6953,211.896,104.8056,2457.5186,2.076931,148.4765
6.5,60,10,2000,450.0,2778.75,8683.5938,211.896,104.8056,3066.2795,2.944785,37.1191
6.5,60,10,4000,427.5,2639.8125,8249.4141,211.896,104.8056,3066.2795,2.703574,74.2383
6.5,60,10,6000,382.5,2361.9375,7381.0547,211.896,104.8056,3066.2795,2.221152,111.3574
6.5,60,10,8000,337.5,2084.0625,6512.6953,211.896,104.8056,3066.2795,1.73873,148.4765
6.5,80,0,2000,450.0,2778.75,8683.5938,211.896,186.321,0.0,4.602987,37.1191
6.5,80,0,4000,427.5,2639.8125,8249.4141,211.896,186.321,0.0,4.361776,74.2383
6.5,80,0,6000,382.5,2361.9375,7381.0547,211.896,186.321,0.0,3.879354,111.3574
6.5,80,0,8000,337.5,2084.0625,6512.6953,211.896,186.321,0.0,3.396932,148.4765
6.5,80,2,2000,450.0,2778.75,8683.5938,211.896,186.321,616.2553,4.260623,37.1191
6.5,80,2,4000,427.5,2639.8125,8249.4141,211.896,186.321,616.2553,4.019412,74.2383
6.5,80,2,6000,382.5,2361.9375,7381.0547,211.896,186.321,616.2553,3.53699,111.3574
6.5,80,2,8000,337.5,2084.0625,6512.6953,211.896,186.321,616.2553,3.054568,148.4765
6.5,80,5,2000,450.0,2778.75,8683.5938,211.896,186.321,1538.9961,3.747989,37.1191
6.5,80,5,4000,427.5,2639.8125,8249.4141,211.896,186.321,1538.9961,3.506778,74.2383
6.5,80,5,6000,382.5,2361.9375,7381.0547,211.896,186.321,1538.9961,3.024356,111.3574
6.5,80,5,8000,337.5,2084.0625,6512.6953,211.896,186.321,1538.9961,2.541935,148.4765
6.5,80,8,2000,450.0,2778.75,8683.5938,211.896,186.321,2457.5186,3.237699,37.1191
6.5,80,8,4000,427.5,2639.8125,8249.4141,211.896,186.321,2457.5186,2.996488,74.2383
6.5,80,8,6000,382.5,2361.9375,7381.0547,211.896,186.321,2457.5186,2.514066,111.3574
6.5,80,8,8000,337.5,2084.0625,6512.6953,211.896,186.321,2457.5186,2.031644,148.4765
6.5,80,10,2000,450.0,2778.75,8683.5938,211.896,186.321,3066.2795,2.899498,37.1191
6.5,80,10,4000,427.5,2639.8125,8249.4141,211.896,186.321,3066.2795,2.658288,74.2383
6.5,80,10,6000,382.5,2361.9375,7381.0547,211.896,186.321,3066.2795,2.175866,111.3574
6.5,80,10,8000,337.5,2084.0625,6512.6953,211.896,186.321,3066.2795,1.693444,148.4765
6.5,100,0,2000,450.0,2778.75,8683.5938,211.896,291.1265,0.0,4.544762,37.1191
6.5,100,0,4000,427.5,2639.8125,8249.4141,211.896,291.1265,0.0,4.303551,74.2383
6.5,100,0,6000,382.5,2361.9375,7381.0547,211.896,291.1265,0.0,3.821129,111.3574
6.5,100,0,8000,337.5,2084.0625,6512.6953,211.896,291.1265,0.0,3.338707,148.4765
6.5,100,2,2000,450.0,2778.75,8683.5938,211.896,291.1265,616.2553,4.202398,37.1191
6.5,100,2,4000,427.5,2639.8125,8249.4141,211.896,291.1265,616.2553,3.961187,74.2383
6.5,100,2,6000,382.5,2361.9375,7381.0547,211.896,291.1265,616.2553,3.478765,111.3574
6.5,100,2,8000,337.5,2084.0625,6512.6953,211.896,291.1265,616.2553,2.996343,148.4765
6.5,100,5,2000,450.0,2778.75,8683.5938,211.896,291.1265,1538.9961,3.689764,37.1191
6.5,100,5,4000,427.5,2639.8125,8249.4141,211.896,291.1265,1538.9961,3.448553,74.2383
6.5,100,5,6000,382.5,2361.9375,7381.0547,211.896,291.1265,1538.9961,2.966131,111.3574
6.5,100,5,8000,337.5,2084.0625,6512.6953,211.896,291.1265,1538.9961,2.483709,148.4765
6.5,100,8,2000,450.0,2778.75,8683.5938,211.896,291.1265,2457.5186,3.179474,37.1191
6.5,100,8,4000,427.5,2639.8125,8249.4141,211.896,291.1265,2457.5186,2.938263,74.2383
6.5,100,8,6000,382.5,2361.9375,7381.0547,211.896,291.1265,2457.5186,2.455841,111.3574
6.5,100,8,8000,337.5,2084.0625,6512.6953,211.896,291.1265,2457.5186,1.973419,148.4765
6.5,100,10,2000,450.0,2778.75,8683.5938,211.896,291.1265,3066.2795,2.841273,37.1191
6.5,100,10,4000,427.5,2639.8125,8249.4141,211.896,291.1265,3066.2795,2.600062,74.2383
6.5,100,10,6000,382.5,2361.9375,7381.0547,211.896,291.1265,3066.2795,2.11764,111.3574
6.5,100,10,8000,337.5,2084.0625,6512.6953,211.896,291.1265,3066.2795,1.635218,148.4765
6.75,20,0,2000,450.0,2885.625,9017.5781,211.896,11.6451,0.0,4.885576,35.7443
6.75,20,0,4000,427.5,2741.3438,8566.6992,211.896,11.6451,0.0,4.635088,71.4887
6.75,20,0,6000,382.5,2452.7812,7664.9414,211.896,11.6451,0.0,4.134111,107.233
6.75,20,0,8000,337.5,2164.2188,6763.1836,211.896,11.6451,0.0,3.633135,142.9774
6.75,20,2,2000,450.0,2885.625,9017.5781,211.896,11.6451,616.2553,4.543212,35.7443
6.75,20,2,4000,427.5,2741.3438,8566.6992,211.896,11.6451,616.2553,4.292724,71.4887
6.75,20,2,6000,382.5,2452.7812,7664.9414,211.896,11.6451,616.2553,3.791747,107.233
6.75,20,2,8000,337.5,2164.2188,6763.1836,211.896,11.6451,616.2553,3.290771,142.9774
6.75,20,5,2000,450.0,2885.625,9017.5781,211.896,11.6451,1538.9961,4.030578,35.7443
6.75,20,5,4000,427.5,2741.3438,8566.6992,211.896,11.6451,1538.9961,3.78009,71.4887
6.75,20,5,6000,382.5,2452.7812,7664.9414,211.896,11.6451,1538.9961,3.279113,107.233
6.75,20,5,8000,337.5,2164.2188,6763.1836,211.896,11.6451,1538.9961,2.778137,142.9774
6.75,20,8,2000,450.0,2885.625,9017.5781,211.896,11.6451,2457.5186,3.520288,35.7443
6.75,20,8,4000,427.5,2741.3438,8566.6992,211.896,11.6451,2457.5186,3.2698,71.4887
6.75,20,8,6000,382.5,2452.7812,7664.9414,211.896,11.6451,2457.5186,2.768823,107.233
6.75,20,8,8000,337.5,2164.2188,6763.1836,211.896,11.6451,2457.5186,2.267847,142.9774
6.75,20,10,2000,450.0,2885.625,9017.5781,211.896,11.6451,3066.2795,3.182088,35.7443
6.75,20,10,4000,427.5,2741.3438,8566.6992,211.896,11.6451,3066.2795,2.931599,71.4887
6.75,20,10,6000,382.5,2452.7812,7664.9414,211.896,11.6451,3066.2795,2.430623,107.233
6.75,20,10,8000,337.5,2164.2188,6763.1836,211.896,11.6451,3066.2795,1.929646,142.9774
6.75,40,0,2000,450.0,2885.625,9017.5781,211.896,46.5802,0.0,4.866168,35.7443
6.75,40,0,4000,427.5,2741.3438,8566.6992,211.896,46.5802,0.0,4.615679,71.4887
6.75,40,0,6000,382.5,2452.7812,7664.9414,211.896,46.5802,0.0,4.114703,107.233
6.75,40,0,8000,337.5,2164.2188,6763.1836,211.896,46.5802,0.0,3.613726,142.9774
6.75,40,2,2000,450.0,2885.625,9017.5781,211.896,46.5802,616.2553,4.523804,35.7443
6.75,40,2,4000,427.5,2741.3438,8566.6992,211.896,46.5802,616.2553,4.273315,71.4887
6.75,40,2,6000,382.5,2452.7812,7664.9414,211.896,46.5802,616.2553,3.772339,107.233
6.75,40,2,8000,337.5,2164.2188,6763.1836,211.896,46.5802,616.2553,3.271362,142.9774
6.75,40,5,2000,450.0,2885.625,9017.5781,211.896,46.5802,1538.9961,4.01117,35.7443
6.75,40,5,4000,427.5,2741.3438,8566.6992,211.896,46.5802,1538.9961,3.760682,71.4887
6.75,40,5,6000,382.5,2452.7812,7664.9414,211.896,46.5802,1538.9961,3.259705,107.233
6.75,40,5,8000,337.5,2164.2188,6763.1836,211.896,46.5802,1538.9961,2.758728,142.9774
6.75,40,8,2000,450.0,2885.625,9017.5781,211.896,46.5802,2457.5186,3.50088,35.7443
6.75,40,8,4000,427.5,2741.3438,8566.6992,211.896,46.5802,2457.5186,3.250391,71.4887
6.75,40,8,6000,382.5,2452.7812,7664.9414,211.896,46.5802,2457.5186,2.749415,107.233
6.75,40,8,8000,337.5,2164.2188,6763.1836,211.896,46.5802,2457.5186,2.248438,142.9774
6.75,40,10,2000,450.0,2885.625,9017.5781,211.896,46.5802,3066.2795,3.162679,35.7443
6.75,40,10,4000,427.5,2741.3438,8566.6992,211.896,46.5802,3066.2795,2.912191,71.4887
6.75,40,10,6000,382.5,2452.7812,7664.9414,211.896,46.5802,3066.2795,2.411214,107.233
6.75,40,10,8000,337.5,2164.2188,6763.1836,211.896,46.5802,3066.2795,1.910238,142.9774
6.75,60,0,2000,450.0,2885.625,9017.5781,211.896,104.8056,0.0,4.83382,35.7443
6.75,60,0,4000,427.5,2741.3438,8566.6992,211.896,104.8056,0.0,4.583332,71.4887
6.75,60,0,6000,382.5,2452.7812,7664.9414,211.896,104.8056,0.0,4.082355,107.233
6.75,60,0,8000,337.5,2164.2188,6763.1836,211.896,104.8056,0.0,3.581379,142.9774
6.75,60,2,2000,450.0,2885.625,9017.5781,211.896,104.8056,616.2553,4.491456,35.7443
6.75,60,2,4000,427.5,2741.3438,8566.6992,211.896,104.8056,616.2553,4.240968,71.4887
6.75,60,2,6000,382.5,2452.7812,7664.9414,211.896,104.8056,616.2553,3.739991,107.233
6.75,60,2,8000,337.5,2164.2188,6763.1836,211.896,104.8056,616.2553,3.239015,142.9774
6.75,60,5,2000,450.0,2885.625,9017.5781,211.896,104.8056,1538.9961,3.978822,35.7443
6.75,60,5,4000,427.5,2741.3438,8566.6992,211.896,104.8056,1538.9961,3.728334,71.4887
6.75,60,5,6000,382.5,2452.7812,7664.9414,211.896,104.8056,1538.9961,3.227358,107.233
6.75,60,5,8000,337.5,2164.2188,6763.1836,211.896,104.8056,1538.9961,2.726381,142.9774
6.75,60,8,2000,450.0,2885.625,9017.5781,211.896,104.8056,2457.5186,3.468532,35.7443
6.75,60,8,4000,427.5,2741.3438,8566.6992,211.896,104.8056,2457.5186,3.218044,71.4887
6.75,60,8,6000,382.5,2452.7812,7664.9414,211.896,104.8056,2457.5186,2.717067,107.233
6.75,60,8,8000,337.5,2164.2188,6763.1836,211.896,104.8056,2457.5186,2.216091,142.9774
6.75,60,10,2000,450.0,2885.625,9017.5781,211.896,104.8056,3066.2795,3.130332,35.7443
6.75,60,10,4000,427.5,2741.3438,8566.6992,211.896,104.8056,3066.2795,2.879843,71.4887
6.75,60,10,6000,382.5,2452.7812,7664.9414,211.896,104.8056,3066.2795,2.378867,107.233
6.75,60,10,8000,337.5,2164.2188,6763.1836,211.896,104.8056,3066.2795,1.87789,142.9774
6.75,80,0,2000,450.0,2885.625,9017.5781,211.896,186.321,0.0,4.788534,35.7443
6.75,80,0,4000,427.5,2741.3438,8566.6992,211.896,186.321,0.0,4.538046,71.4887
6.75,80,0,6000,382.5,2452.7812,7664.9414,211.896,186.321,0.0,4.037069,107.233
6.75,80,0,8000,337.5,2164.2188,6763.1836,211.896,186.321,0.0,3.536093,142.9774
6.75,80,2,2000,450.0,2885.625,9017.5781,211.896,186.321,616.2553,4.44617,35.7443
6.75,80,2,4000,427.5,2741.3438,8566.6992,211.896,186.321,616.2553,4.195682,71.4887
6.75,80,2,6000,382.5,2452.7812,7664.9414,211.896,186.321,616.2553,3.694705,107.233
6.75,80,2,8000,337.5,2164.2188,6763.1836,211.896,186.321,616.2553,3.193728,142.9774
6.75,80,5,2000,450.0,2885.625,9017.5781,211.896,186.321,1538.9961,3.933536,35.7443
6.75,80,5,4000,427.5,2741.3438,8566.6992,211.896,186.321,1538.9961,3.683048,71.4887
6.75,80,5,6000,382.5,2452.7812,7664.9414,211.896,186.321,1538.9961,3.182071,107.233
6.75,80,5,8000,337.5,2164.2188,6763.1836,211.896,186.321,1538.9961,2.681095,142.9774
6.75,80,8,2000,450.0,2885.625,9017.5781,211.896,186.321,2457.5186,3.423246,35.7443
6.75,80,8,4000,427.5,2741.3438,8566.6992,211.896,186.321,2457.5186,3.172758,71.4887
6.75,80,8,6000,382.5,2452.7812,7664.9414,211.896,186.321,2457.5186,2.671781,107.233
6.75,80,8,8000,337.5,2164.2188,6763.1836,211.896,186.321,2457.5186,2.170804,142.9774
6.75,80,10,2000,450.0,2885.625,9017.5781,211.896,186.321,3066.2795,3.085045,35.7443
6.75,80,10,4000,427.5,2741.3438,8566.6992,211.896,186.321,3066.2795,2.834557,71.4887
6.75,80,10,6000,382.5,2452.7812,7664.9414,211.896,186.321,3066.2795,2.33358,107.233
6.75,80,10,8000,337.5,2164.2188,6763.1836,211.896,186.321,3066.2795,1.832604,142.9774
6.75,100,0,2000,450.0,2885.625,9017.5781,211.896,291.1265,0.0,4.730309,35.7443
6.75,100,0,4000,427.5,2741.3438,8566.6992,211.896,291.1265,0.0,4.47982,71.4887
6.75,100,0,6000,382.5,2452.7812,7664.9414,211.896,291.1265,0.0,3.978844,107.233
6.75,100,0,8000,337.5,2164.2188,6763.1836,211.896,291.1265,0.0,3.477867,142.9774
6.75,100,2,2000,450.0,2885.625,9017.5781,211.896,291.1265,616.2553,4.387945,35.7443
6.75,100,2,4000,427.5,2741.3438,8566.6992,211.896,291.1265,616.2553,4.137456,71.4887
6.75,100,2,6000,382.5,2452.7812,7664.9414,211.896,291.1265,616.2553,3.63648,107.233
6.75,100,2,8000,337.5,2164.2188,6763.1836,211.896,291.1265,616.2553,3.135503,142.9774
6.75,100,5,2000,450.0,2885.625,9017.5781,211.896,291.1265,1538.9961,3.875311,35.7443
6.75,100,5,4000,427.5,2741.3438,8566.6992,211.896,291.1265,1538.9961,3.624823,71.4887
6.75,100,5,6000,382.5,2452.7812,7664.9414,211.896,291.1265,1538.9961,3.123846,107.233
6.75,100,5,8000,337.5,2164.2188,6763.1836,211.896,291.1265,1538.9961,2.622869,142.9774
6.75,100,8,2000,450.0,2885.625,9017.5781,211.896,291.1265,2457.5186,3.365021,35.7443
6.75,100,8,4000,427.5,2741.3438,8566.6992,211.896,291.1265,2457.5186,3.114532,71.4887
6.75,100,8,6000,382.5,2452.7812,7664.9414,211.896,291.1265,2457.5186,2.613556,107.233
6.75,100,8,8000,337.5,2164.2188,6763.1836,211.896,291.1265,2457.5186,2.112579,142.9774
6.75,100,10,2000,450.0,2885.625,9017.5781,211.896,291.1265,3066.2795,3.02682,35.7443
6.75,100,10,4000,427.5,2741.3438,8566.6992,211.896,291.1265,3066.2795,2.776332,71.4887
6.75,100,10,6000,382.5,2452.7812,7664.9414,211.896,291.1265,3066.2795,2.275355,107.233
6.75,100,10,8000,337.5,2164.2188,6763.1836,211.896,291.1265,3066.2795,1.774379,142.9774
7.0,20,0,2000,450.0,2992.5,9351.5625,211.896,11.6451,0.0,5.071123,34.4678
7.0,20,0,4000,427.5,2842.875,8883.9844,211.896,11.6451,0.0,4.811357,68.9355
7.0,20,0,6000,382.5,2543.625,7948.8281,211.896,11.6451,0.0,4.291826,103.4033
7.0,20,0,8000,337.5,2244.375,7013.6719,211.896,11.6451,0.0,3.772295,137.871
7.0,20,2,2000,450.0,2992.5,9351.5625,211.896,11.6451,616.2553,4.728759,34.4678
7.0,20,2,4000,427.5,2842.875,8883.9844,211.896,11.6451,616.2553,4.468993,68.9355
7.0,20,2,6000,382.5,2543.625,7948.8281,211.896,11.6451,616.2553,3.949462,103.4033
7.0,20,2,8000,337.5,2244.375,7013.6719,211.896,11.6451,616.2553,3.429931,137.871
7.0,20,5,2000,450.0,2992.5,9351.5625,211.896,11.6451,1538.9961,4.216125,34.4678
7.0,20,5,4000,427.5,2842.875,8883.9844,211.896,11.6451,1538.9961,3.95636,68.9355
7.0,20,5,6000,382.5,2543.625,7948.8281,211.896,11.6451,1538.9961,3.436828,103.4033
7.0,20,5,8000,337.5,2244.375,7013.6719,211.896,11.6451,1538.9961,2.917297,137.871
7.0,20,8,2000,450.0,2992.5,9351.5625,211.896,11.6451,2457.5186,3.705835,34.4678
7.0,20,8,4000,427.5,2842.875,8883.9844,211.896,11.6451,2457.5186,3.446069,68.9355
7.0,20,8,6000,382.5,2543.625,7948.8281,211.896,11.6451,2457.5186,2.926538,103.4033
7.0,20,8,8000,337.5,2244.375,7013.6719,211.896,11.6451,2457.5186,2.407007,137.871
7.0,20,10,2000,450.0,2992.5,9351.5625,211.896,11.6451,3066.2795,3.367634,34.4678
7.0,20,10,4000,427.5,2842.875,8883.9844,211.896,11.6451,3066.2795,3.107869,68.9355
7.0,20,10,6000,382.5,2543.625,7948.8281,211.896,11.6451,3066.2795,2.588338,103.4033
7.0,20,10,8000,337.5,2244.375,7013.6719,211.896,11.6451,3066.2795,2.068806,137.871
7.0,40,0,2000,450.0,2992.5,9351.5625,211.896,46.5802,0.0,5.051715,34.4678
7.0,40,0,4000,427.5,2842.875,8883.9844,211.896,46.5802,0.0,4.791949,68.9355
7.0,40,0,6000,382.5,2543.625,7948.8281,211.896,46.5802,0.0,4.272418,103.4033
7.0,40,0,8000,337.5,2244.375,7013.6719,211.896,46.5802,0.0,3.752886,137.871
7.0,40,2,2000,450.0,2992.5,9351.5625,211.896,46.5802,616.2553,4.709351,34.4678
7.0,40,2,4000,427.5,2842.875,8883.9844,211.896,46.5802,616.2553,4.449585,68.9355
7.0,40,2,6000,382.5,2543.625,7948.8281,211.896,46.5802,616.2553,3.930054,103.4033
7.0,40,2,8000,337.5,2244.375,7013.6719,211.896,46.5802,616.2553,3.410522,137.871
7.0,40,5,2000,450.0,2992.5,9351.5625,211.896,46.5802,1538.9961,4.196717,34.4678
7.0,40,5,4000,427.5,2842.875,8883.9844,211.896,46.5802,1538.9961,3.936951,68.9355
7.0,40,5,6000,382.5,2543.625,7948.8281,211.896,46.5802,1538.9961,3.41742,103.4033
7.0,40,5,8000,337.5,2244.375,7013.6719,211.896,46.5802,1538.9961,2.897889,137.871
7.0,40,8,2000,450.0,2992.5,9351.5625,211.896,46.5802,2457.5186,3.686426,34.4678
7.0,40,8,4000,427.5,2842.875,8883.9844,211.896,46.5802,2457.5186,3.426661,68.9355
7.0,40,8,6000,382.5,2543.625,7948.8281,211.896,46.5802,2457.5186,2.90713,103.4033
7.0,40,8,8000,337.5,2244.375,7013.6719,211.896,46.5802,2457.5186,2.387598,137.871
7.0,40,10,2000,450.0,2992.5,9351.5625,211.896,46.5802,3066.2795,3.348226,34.4678
7.0,40,10,4000,427.5,2842.875,8883.9844,211.896,46.5802,3066.2795,3.08846,68.9355
7.0,40,10,6000,382.5,2543.625,7948.8281,211.896,46.5802,3066.2795,2.568929,103.4033
7.0,40,10,8000,337.5,2244.375,7013.6719,211.896,46.5802,3066.2795,2.049398,137.871
7.0,60,0,2000,450.0,2992.5,9351.5625,211.896,104.8056,0.0,5.019367,34.4678
7.0,60,0,4000,427.5,2842.875,8883.9844,211.896,104.8056,0.0,4.759602,68.9355
7.0,60,0,6000,382.5,2543.625,7948.8281,211.896,104.8056,0.0,4.24007,103.4033
7.0,60,0,8000,337.5,2244.375,7013.6719,211.896,104.8056,0.0,3.720539,137.871
7.0,60,2,2000,450.0,2992.5,9351.5625,211.896,104.8056,616.2553,4.677003,34.4678
7.0,60,2,4000,427.5,2842.875,8883.9844,211.896,104.8056,616.2553,4.417238,68.9355
7.0,60,2,6000,382.5,2543.625,7948.8281,211.896,104.8056,616.2553,3.897706,103.4033
7.0,60,2,8000,337.5,2244.375,7013.6719,211.896,104.8056,616.2553,3.378175,137.871
7.0,60,5,2000,450.0,2992.5,9351.5625,211.896,104.8056,1538.9961,4.164369,34.4678
7.0,60,5,4000,427.5,2842.875,8883.9844,211.896,104.8056,1538.9961,3.904604,68.9355
7.0,60,5,6000,382.5,2543.625,7948.8281,211.896,104.8056,1538.9961,3.385072,103.4033
7.0,60,5,8000,337.5,2244.375,7013.6719,211.896,104.8056,1538.9961,2.865541,137.871
7.0,60,8,2000,450.0,2992.5,9351.5625,211.896,104.8056,2457.5186,3.654079,34.4678
7.0,60,8,4000,427.5,2842.875,8883.9844,211.896,104.8056,2457.5186,3.394313,68.9355
7.0,60,8,6000,382.5,2543.625,7948.8281,211.896,104.8056,2457.5186,2.874782,103.4033
7.0,60,8,8000,337.5,2244.375,7013.6719,211.896,104.8056,2457.5186,2.355251,137.871
7.0,60,10,2000,450.0,2992.5,9351.5625,211.896,104.8056,3066.2795,3.315879,34.4678
7.0,60,10,4000,427.5,2842.875,8883.9844,211.896,104.8056,3066.2795,3.056113,68.9355
7.0,60,10,6000,382.5,2543.625,7948.8281,211.896,104.8056,3066.2795,2.536582,103.4033
7.0,60,10,8000,337.5,2244.375,7013.6719,211.896,104.8056,3066.2795,2.01705,137.871
7.0,80,0,2000,450.0,2992.5,9351.5625,211.896,186.321,0.0,4.974081,34.4678
7.0,80,0,4000,427.5,2842.875,8883.9844,211.896,186.321,0.0,4.714315,68.9355
7.0,80,0,6000,382.5,2543.625,7948.8281,211.896,186.321,0.0,4.194784,103.4033
7.0,80,0,8000,337.5,2244.375,7013.6719,211.896,186.321,0.0,3.675253,137.871
7.0,80,2,2000,450.0,2992.5,9351.5625,211.896,186.321,616.2553,4.631717,34.4678
7.0,80,2,4000,427.5,2842.875,8883.9844,211.896,186.321,616.2553,4.371951,68.9355
7.0,80,2,6000,382.5,2543.625,7948.8281,211.896,186.321,616.2553,3.85242,103.4033
7.0,80,2,8000,337.5,2244.375,7013.6719,211.896,186.321,616.2553,3.332889,137.871
7.0,80,5,2000,450.0,2992.5,9351.5625,211.896,186.321,1538.9961,4.119083,34.4678
7.0,80,5,4000,427.5,2842.875,8883.9844,211.896,186.321,1538.9961,3.859317,68.9355
7.0,80,5,6000,382.5,2543.625,7948.8281,211.896,186.321,1538.9961,3.339786,103.4033
7.0,80,5,8000,337.5,2244.375,7013.6719,211.896,186.321,1538.9961,2.820255,137.871
7.0,80,8,2000,450.0,2992.5,9351.5625,211.896,186.321,2457.5186,3.608793,34.4678
7.0,80,8,4000,427.5,2842.875,8883.9844,211.896,186.321,2457.5186,3.349027,68.9355
7.0,80,8,6000,382.5,2543.625,7948.8281,211.896,186.321,2457.5186,2.829496,103.4033
7.0,80,8,8000,337.5,2244.375,7013.6719,211.896,186.321,2457.5186,2.309965,137.871
7.0,80,10,2000,450.0,2992.5,9351.5625,211.896,186.321,3066.2795,3.270592,34.4678
7.0,80,10,4000,427.5,2842.875,8883.9844,211.896,186.321,3066.2795,3.010827,68.9355
7.0,80,10,6000,382.5,2543.625,7948.8281,211.896,186.321,3066.2795,2.491295,103.4033
7.0,80,10,8000,337.5,2244.375,7013.6719,211.896,186.321,3066.2795,1.971764,137.871
7.0,100,0,2000,450.0,2992.5,9351.5625,211.896,291.1265,0.0,4.915856,34.4678
7.0,100,0,4000,427.5,2842.875,8883.9844,211.896,291.1265,0.0,4.65609,68.9355
7.0,100,0,6000,382.5,2543.625,7948.8281,211.896,291.1265,0.0,4.136559,103.4033
7.0,100,0,8000,337.5,2244.375,7013.6719,211.896,291.1265,0.0,3.617027,137.871
7.0,100,2,2000,450.0,2992.5,9351.5625,211.896,291.1265,616.2553,4.573491,34.4678
7.0,100,2,4000,427.5,2842.875,8883.9844,211.896,291.1265,616.2553,4.313726,68.9355
7.0,100,2,6000,382.5,2543.625,7948.8281,211.896,291.1265,616.2553,3.794195,103.4033
7.0,100,2,8000,337.5,2244.375,7013.6719,211.896,291.1265,616.2553,3.274663,137.871
7.0,100,5,2000,450.0,2992.5,9351.5625,211.896,291.1265,1538.9961,4.060858,34.4678
7.0,100,5,4000,427.5,2842.875,8883.9844,211.896,291.1265,1538.9961,3.801092,68.9355
7.0,100,5,6000,382.5,2543.625,7948.8281,211.896,291.1265,1538.9961,3.281561,103.4033
7.0,100,5,8000,337.5,2244.375,7013.6719,211.896,291.1265,1538.9961,2.76203,137.871
7.0,100,8,2000,450.0,2992.5,9351.5625,211.896,291.1265,2457.5186,3.550567,34.4678
7.0,100,8,4000,427.5,2842.875,8883.9844,211.896,291.1265,2457.5186,3.290802,68.9355
7.0,100,8,6000,382.5,2543.625,7948.8281,211.896,291.1265,2457.5186,2.771271,103.4033
7.0,100,8,8000,337.5,2244.375,7013.6719,211.896,291.1265,2457.5186,2.251739,137.871
7.0,100,10,2000,450.0,2992.5,9351.5625,211.896,291.1265,3066.2795,3.212367,34.4678
7.0,100,10,4000,427.5,2842.875,8883.9844,211.896,291.1265,3066.2795,2.952601,68.9355
7.0,100,10,6000,382.5,2543.625,7948.8281,211.896,291.1265,3066.2795,2.43307,103.4033
7.0,100,10,8000,337.5,2244.375,7013.6719,211.896,291.1265,3066.2795,1.913539,137.871
